mly_captured_at,heading,mly_creator_id,orig_id,mly_is_pano,mly_sequence_id,city_id,lat,lon,source,uuid
1723630013960,205.15840053956242,109897801244586,971960901347980,True,eun16cam5ZtTCofvGgBpsE,1392685764,35.68025015478,139.7763168811798,Mapillary,54425bb2-ce06-41bd-95fe-3f95ce4b8f75
1723037210133,98.66002019496909,109897801244586,1055557945932624,True,u5LHIPpl8bWEAVcw7F4JKR,1392685764,35.68409331926598,139.7745841741562,Mapillary,a5b28645-7fa6-4a35-b8e1-2d56ed34666c
1723630013893,205.00149751483752,109897801244586,1072527617538602,True,eun16cam5ZtTCofvGgBpsE,1392685764,35.680359090562845,139.77638125419617,Mapillary,351df788-c9dc-4def-aaa8-cdc14de54569
1723037214203,206.39084995043723,109897801244586,1281091166195609,True,u5LHIPpl8bWEAVcw7F4JKR,1392685764,35.679862342185885,139.77607548236847,Mapillary,04425fa6-b17d-40da-9a55-5eb5cf6a06e1
1723630009122,85.37249513795479,109897801244586,1513161539559460,True,eun16cam5ZtTCofvGgBpsE,1392685764,35.684084604816704,139.77509379386902,Mapillary,8b75a41b-0744-4d8c-a94b-20afe790b40c
1723630004384,158.0384583304492,109897801244586,368489932963067,True,eun16cam5ZtTCofvGgBpsE,1392685764,35.68618911667812,139.77050185203552,Mapillary,20c1f6c4-85fc-4ff2-bb5d-2a9d61a82017
1722882978882,281.7320970654323,105158808392190,1703782837035520,False,rzG47q8KnovQHpMZ2DE0gT,1392685764,35.6840628186893,139.77362394332886,Mapillary,04dcc019-9c8e-4060-8e43-392383be71fd
1723630002015,128.53623194131592,109897801244586,840995371457976,True,eun16cam5ZtTCofvGgBpsE,1392685764,35.688507065492985,139.76823806762695,Mapillary,5139155f-73ad-460f-8728-f346c6baa017
1723630006819,102.73673042781041,109897801244586,1741516729716841,True,eun16cam5ZtTCofvGgBpsE,1392685764,35.684542112117725,139.77250814437866,Mapillary,c4b24e5e-04e3-4ff6-8970-6c4d8a209725
1723037212168,201.5124029004241,109897801244586,1029206251992602,True,u5LHIPpl8bWEAVcw7F4JKR,1392685764,35.68347459100086,139.77817296981812,Mapillary,87f6f2b1-d123-447b-96da-5d734a90d401
1722882979875,282.5090255637566,105158808392190,1908537816280629,False,rzG47q8KnovQHpMZ2DE0gT,1392685764,35.68408896204146,139.77347373962402,Mapillary,de820cc8-62f9-43f1-a514-2c467430d37f
1722882931746,345.158111588486,105158808392190,1234236421358809,False,bRpjkKiLlw12Zx3dXon9gC,1392685764,35.68255084691518,139.77990567684174,Mapillary,7851cea6-6543-4353-b473-86a654e55a0e
1723630016562,207.49577201625516,109897801244586,3777965285825831,True,eun16cam5ZtTCofvGgBpsE,1392685764,35.67610176950933,139.77383315563202,Mapillary,deb98593-b438-429c-9217-37144a3c93ae
1723037216506,210.41799481098425,109897801244586,1475547959743606,True,u5LHIPpl8bWEAVcw7F4JKR,1392685764,35.675570133119024,139.77344155311584,Mapillary,4fab274b-0c51-426b-8ef5-e014ebb03423
1723630008421,104.12804003764347,109897801244586,1671973160293777,True,eun16cam5ZtTCofvGgBpsE,1392685764,35.684241464758315,139.77398335933685,Mapillary,b6632fbd-eb51-4bb7-968d-c388bf7e1daa
1723630014794,206.53590026387516,109897801244586,531307289247085,True,eun16cam5ZtTCofvGgBpsE,1392685764,35.67888190868271,139.77549612522125,Mapillary,f57c6a7e-e364-4a8c-83c5-43a885e15887
1723630009355,78.75726039598703,109897801244586,391090153665565,True,eun16cam5ZtTCofvGgBpsE,1392685764,35.68414124872007,139.7755068540573,Mapillary,08f72a50-3b58-4976-96f8-901cf6990d66
1723037214837,207.30217319156765,109897801244586,2618712454974711,True,u5LHIPpl8bWEAVcw7F4JKR,1392685764,35.678559452364794,139.77529764175415,Mapillary,00e8ebf6-fce2-4f70-b6dd-9cfb02fe7433
1723037208464,103.07129221277847,109897801244586,405956312007312,True,u5LHIPpl8bWEAVcw7F4JKR,1392685764,35.684542112117725,139.77217555046082,Mapillary,36e2ef19-5fd4-43f7-866c-6aaedeed1969
1723630006419,103.3089599000159,109897801244586,949153766981627,True,eun16cam5ZtTCofvGgBpsE,1392685764,35.6845900413022,139.7722452878952,Mapillary,39bcfd66-0bc5-4080-a0d4-1c939c642717
1723037210233,94.60816390610756,109897801244586,854660596600663,True,u5LHIPpl8bWEAVcw7F4JKR,1392685764,35.684071533140965,139.7748041152954,Mapillary,cf322c21-69e7-4990-afd7-455ccc446e2b
1723037200223,130.00637366986848,109897801244586,1157084432239904,True,u5LHIPpl8bWEAVcw7F4JKR,1392685764,35.68844171071605,139.76824343204498,Mapillary,15db1062-4257-4dc2-98ea-c2763cbbe043
1723037210967,77.86943423006409,109897801244586,1490973695140357,True,u5LHIPpl8bWEAVcw7F4JKR,1392685764,35.68431553740133,139.77653682231903,Mapillary,e1c406c1-507b-43d2-ab79-faa57264266a
1722882988780,282.7620049426618,105158808392190,470744409070396,False,rzG47q8KnovQHpMZ2DE0gT,1392685764,35.68434168067067,139.77207899093628,Mapillary,01b12cbb-25f9-44d3-987f-31dad17f1029
1723630001915,127.71896159380373,109897801244586,1178218930056808,True,eun16cam5ZtTCofvGgBpsE,1392685764,35.688576777196005,139.76813077926636,Mapillary,2d78c20e-204a-4923-b1cb-9eb31d9b0bb4
1723630014727,206.82049971108685,109897801244586,2594847410701928,True,eun16cam5ZtTCofvGgBpsE,1392685764,35.67899520383645,139.77556586265564,Mapillary,80166c5b-8681-4167-9a30-f9548210c3b9
1722882866831,322.3845265550884,105158808392190,1601284307265064,False,bRpjkKiLlw12Zx3dXon9gC,1392685764,35.67969675870634,139.78776454925537,Mapillary,7aae17f1-a037-4eb6-85b0-80a70096eb48
1722882879742,303.3069512535866,105158808392190,1028575548706883,False,bRpjkKiLlw12Zx3dXon9gC,1392685764,35.68097784298804,139.786616563797,Mapillary,1cfa7079-aafc-4b27-89ae-5252b9af54df
1723630012759,203.6362722239022,109897801244586,920676656486281,True,eun16cam5ZtTCofvGgBpsE,1392685764,35.68211947219301,139.77738440036774,Mapillary,603474fe-2f7f-466b-95fe-2afa6f0ab830
1723037202492,141.3711264441489,109897801244586,1256791052368085,True,u5LHIPpl8bWEAVcw7F4JKR,1392685764,35.68708231921653,139.76972937583923,Mapillary,d036812b-eece-4ff8-8bc7-1b212ee13c82
1723630015561,206.29110140705018,109897801244586,2461940614005395,True,eun16cam5ZtTCofvGgBpsE,1392685764,35.67764436652902,139.7747826576233,Mapillary,7b3d3f95-b392-4c3d-a9ca-2d330490ffee
1723630003983,146.27634631521414,109897801244586,479846071666843,True,eun16cam5ZtTCofvGgBpsE,1392685764,35.68665968316435,139.7701907157898,Mapillary,bf0c0f64-5fb8-4b18-955d-0a53a82f4d79
1723630011224,156.45824595679335,109897801244586,3406628259639779,True,eun16cam5ZtTCofvGgBpsE,1392685764,35.68407589036646,139.77816224098206,Mapillary,0a4074a2-0c55-4ef6-b8c9-8bd9c167c540
1723630013660,205.268260935643,109897801244586,1185928662679692,True,eun16cam5ZtTCofvGgBpsE,1392685764,35.68073382852013,139.77659583091736,Mapillary,051fab5c-812c-471e-a393-9c191f23c145
1723037216606,203.53525337654077,109897801244586,918115930152477,True,u5LHIPpl8bWEAVcw7F4JKR,1392685764,35.67539146763539,139.7733235359192,Mapillary,d2a151c8-87d7-4181-81ef-c697d132f737
1723037214003,205.37624571156346,109897801244586,1062000385263722,True,u5LHIPpl8bWEAVcw7F4JKR,1392685764,35.68028501424669,139.7763168811798,Mapillary,08eeee38-451e-4b29-9c6d-87580a05f714
1723037210900,76.0266418817584,109897801244586,1608133616585011,True,u5LHIPpl8bWEAVcw7F4JKR,1392685764,35.684285036909586,139.77638125419617,Mapillary,062879da-5aee-4a67-ad54-50cfbc1d7827
1723630002382,128.8838027082125,109897801244586,813015697690280,True,eun16cam5ZtTCofvGgBpsE,1392685764,35.68825000306154,139.76864576339722,Mapillary,ac96b555-7207-46d7-8351-6f8e28e5346d
1723037206429,160.49224933077255,109897801244586,432136926507887,True,u5LHIPpl8bWEAVcw7F4JKR,1392685764,35.68557476181027,139.7706949710846,Mapillary,ea1be108-c2c4-4b87-accd-101a078844c7
1723037215438,204.9310272893349,109897801244586,2300438063621933,True,u5LHIPpl8bWEAVcw7F4JKR,1392685764,35.67752235429141,139.77461636066437,Mapillary,5735de37-e884-466a-b214-b7c5d71b88e8
1723630011524,188.76997951982725,109897801244586,1823216231422388,True,eun16cam5ZtTCofvGgBpsE,1392685764,35.68370988259667,139.77823734283447,Mapillary,a8e7ec5e-d298-4f5c-aa2e-55d6c29a6b69
1723037208498,102.78244936293413,109897801244586,472662722247033,True,u5LHIPpl8bWEAVcw7F4JKR,1392685764,35.68453775491773,139.77221310138702,Mapillary,b30aa201-f915-4dee-8c9a-01f77cb10fed
1723630009055,89.63066920043605,109897801244586,1307478343592293,True,eun16cam5ZtTCofvGgBpsE,1392685764,35.684084604816704,139.7749811410904,Mapillary,006cf796-473c-4356-9d17-b3334ca1cf28
1723037200523,130.15351859630152,109897801244586,2145552865828021,True,u5LHIPpl8bWEAVcw7F4JKR,1392685764,35.688223861072956,139.76856529712677,Mapillary,e31377b1-e7ad-46c5-8c5a-263b0b366c6b
1723037209999,103.85412135274419,109897801244586,2019075228546394,True,u5LHIPpl8bWEAVcw7F4JKR,1392685764,35.68414124872007,139.77431058883667,Mapillary,e860a268-848f-4e7f-8c47-c38d2ebfa4fa
1723037202392,144.39178697642217,109897801244586,528101429791860,True,u5LHIPpl8bWEAVcw7F4JKR,1392685764,35.68710410451935,139.76970791816711,Mapillary,2fccc45c-ef5c-4610-8593-eb4b180ae830
1723630012926,204.16053748366153,109897801244586,3705496543095803,True,eun16cam5ZtTCofvGgBpsE,1392685764,35.68186674652485,139.777250289917,Mapillary,b3cc76ba-0355-42aa-a31a-d9649cbad200
1723630005051,156.76082488892587,109897801244586,385859211200261,True,eun16cam5ZtTCofvGgBpsE,1392685764,35.68533947571436,139.77088272571564,Mapillary,3e191b2b-9b6d-48ae-9b97-5770fa7db612
1723037205929,161.07488389742412,109897801244586,512492634484678,True,u5LHIPpl8bWEAVcw7F4JKR,1392685764,35.685927689653056,139.77054476737976,Mapillary,46488e68-122c-4cee-9821-e64b4ebd4220
1722882907774,277.4139528870701,105158808392190,1193760565172840,False,bRpjkKiLlw12Zx3dXon9gC,1392685764,35.67997127849817,139.78237867355347,Mapillary,ed35096d-f46b-4e9a-9045-d794e6447870
1723037211401,95.34193571739456,109897801244586,451317914396440,True,u5LHIPpl8bWEAVcw7F4JKR,1392685764,35.684433182045936,139.7774863243103,Mapillary,0c136abd-d01e-4402-ad86-9c5f9b638df6
1723037214337,205.3132245512624,109897801244586,1436882307014495,True,u5LHIPpl8bWEAVcw7F4JKR,1392685764,35.67957039213552,139.77590382099152,Mapillary,5e8c2508-a2f5-48e7-8231-bb37f5a28e25
1722882876777,318.410161312509,105158808392190,1004701024580040,False,bRpjkKiLlw12Zx3dXon9gC,1392685764,35.680751258149726,139.78692770004272,Mapillary,bba2fd54-3232-4da8-944c-77660e3b2fdb
1723630011891,207.0668340093229,109897801244586,1170059910886535,True,eun16cam5ZtTCofvGgBpsE,1392685764,35.68328287140976,139.77803349494934,Mapillary,d9a255e3-b1bf-4245-b335-a31afd46db1d
1723630017163,206.66308489231457,109897801244586,1188636892347543,True,eun16cam5ZtTCofvGgBpsE,1392685764,35.67518665549137,139.77324306964874,Mapillary,5ab7cc6f-b137-4b71-acad-b9addd2b57d8
1723630014193,205.1767506457593,109897801244586,891047109578337,True,eun16cam5ZtTCofvGgBpsE,1392685764,35.67987541455122,139.77610230445862,Mapillary,20ff5ca0-89a5-4db8-8792-1fdb9b44c07a
1723630003583,147.19540194416464,109897801244586,517247747626995,True,eun16cam5ZtTCofvGgBpsE,1392685764,35.68707360509373,139.7698312997818,Mapillary,a0d9b1c0-ea31-49a8-a30d-b88d750d11a3
1722882926763,336.78501733806837,105158808392190,1474364503451770,False,bRpjkKiLlw12Zx3dXon9gC,1392685764,35.68186674652485,139.780130982399,Mapillary,1ac7d5e6-8e3b-4931-8f63-577039005a76
1723630007553,104.17977238842712,109897801244586,1631716164367366,True,eun16cam5ZtTCofvGgBpsE,1392685764,35.684433182045936,139.77308213710785,Mapillary,b38ee3e8-e313-4986-b740-4522df51c290
1723037209265,102.93609296252805,109897801244586,1203236647791829,True,u5LHIPpl8bWEAVcw7F4JKR,1392685764,35.68437653834981,139.77311432361603,Mapillary,cae6d9c1-bbbc-4b7d-af13-da06c7528797
1723037206796,156.6693454569156,109897801244586,846962464026528,True,u5LHIPpl8bWEAVcw7F4JKR,1392685764,35.68526540402202,139.77083444595337,Mapillary,a81346aa-faed-485c-b65b-0dd9aba40dee
1723630006686,103.5554421952682,109897801244586,789149669963444,True,eun16cam5ZtTCofvGgBpsE,1392685764,35.684555183716355,139.77241694927216,Mapillary,0a01e518-64ee-4727-a58d-fd948c1d9a40
1723630003883,145.04695578150847,109897801244586,397844553412926,True,eun16cam5ZtTCofvGgBpsE,1392685764,35.6867642531177,139.7700995206833,Mapillary,34f65e23-f279-4839-bdcd-6c708ea990df
1723630010757,106.24859817247426,109897801244586,1030428805325430,True,eun16cam5ZtTCofvGgBpsE,1392685764,35.684420110427325,139.77765262126923,Mapillary,a0219b9c-ef61-4245-af07-4e54cfd7fc6e
1723630009756,77.57183654310643,109897801244586,757759949695108,True,eun16cam5ZtTCofvGgBpsE,1392685764,35.68426325083695,139.77618277072906,Mapillary,ae880bb7-8f63-4e02-8e61-52474ef52097
1723037208331,103.8009061400333,109897801244586,484629227512784,True,u5LHIPpl8bWEAVcw7F4JKR,1392685764,35.68457696970928,139.77199852466583,Mapillary,08f13c85-ca2d-4453-a506-32a0d09b2d9c
1723037213136,205.78674480745184,109897801244586,2195843064120542,True,u5LHIPpl8bWEAVcw7F4JKR,1392685764,35.68191031997303,139.77728247642517,Mapillary,e672151f-1b40-4169-aaf2-5e2f6c198fc3
1723037213403,206.330567488661,109897801244586,1544721669776773,True,u5LHIPpl8bWEAVcw7F4JKR,1392685764,35.68144844021168,139.77700889110565,Mapillary,b8e9c767-a0af-4fd8-9891-624c6f69709c
1722883008960,337.00647105566406,105158808392190,1171817457365796,False,rzG47q8KnovQHpMZ2DE0gT,1392685764,35.68618475956805,139.7703355550766,Mapillary,ced230c0-7faf-4975-813a-e236f62db907
1723037206462,160.13456871854305,109897801244586,1500384670604869,True,u5LHIPpl8bWEAVcw7F4JKR,1392685764,35.68554861894499,139.77070569992065,Mapillary,032a17e9-f983-4a17-a8e8-6e58c1085980
1723037202625,144.5990295720045,109897801244586,1038322217642491,True,u5LHIPpl8bWEAVcw7F4JKR,1392685764,35.68705617684529,139.76975083351135,Mapillary,57487fb9-b20f-4d92-949f-e8c7c245ac97
1723630006152,103.48117371439145,109897801244586,512926517803966,True,eun16cam5ZtTCofvGgBpsE,1392685764,35.6846336132631,139.772030711174,Mapillary,8c975add-39f2-41bd-a585-5526b9cab9d7
1723630002515,132.4283566302396,109897801244586,3363823593921483,True,eun16cam5ZtTCofvGgBpsE,1392685764,35.6881454350558,139.76879596710205,Mapillary,d22cf1c8-cbb7-435f-92c4-04ddb4eff681
1722882970840,265.7224770680783,105158808392190,1024033659345496,False,bRpjkKiLlw12Zx3dXon9gC,1392685764,35.68396260242666,139.7748363018036,Mapillary,c184396d-1995-4fa9-a604-f506c1a7b21d
1723630003783,144.61022420969243,109897801244586,2036808213443891,True,eun16cam5ZtTCofvGgBpsE,1392685764,35.686868822933945,139.77000832557678,Mapillary,12f02d7c-5734-4955-998e-0fb4fdc51213
1723037216272,207.09506612437048,109897801244586,2253187255031342,True,u5LHIPpl8bWEAVcw7F4JKR,1392685764,35.67600590091379,139.7737205028534,Mapillary,6f17f1fb-3488-46a9-9165-633ca21a5cd7
1723630003316,144.76391935877047,109897801244586,808608014819136,True,eun16cam5ZtTCofvGgBpsE,1392685764,35.687356813597404,139.76958453655243,Mapillary,80a3bfde-4f29-4552-a2a3-b202541e0f3d
1723037207497,125.3354286682046,109897801244586,427402752961245,True,u5LHIPpl8bWEAVcw7F4JKR,1392685764,35.684799186497514,139.7712904214859,Mapillary,0332d2a4-7d7d-4a72-bc2d-eaaa27e0f2ce
1723630003216,144.77932136774746,109897801244586,500574662570413,True,eun16cam5ZtTCofvGgBpsE,1392685764,35.68746138263691,139.76949334144592,Mapillary,a1ad1bb6-6432-4cda-9955-3d5ee7cb0c30
1723037210333,87.36833866773179,109897801244586,1666068704175331,True,u5LHIPpl8bWEAVcw7F4JKR,1392685764,35.684067175915246,139.7750347852707,Mapillary,08362552-6a39-4d40-a060-cba3170e376b
1723630014027,205.08638179540023,109897801244586,2253925294970796,True,eun16cam5ZtTCofvGgBpsE,1392685764,35.680149933728416,139.77625787258148,Mapillary,a4a28baf-8694-4ff0-a171-a80d3d97201b
1723037212201,204.14814351220477,109897801244586,1072282234612197,True,u5LHIPpl8bWEAVcw7F4JKR,1392685764,35.68341794662419,139.77814078330994,Mapillary,a262defd-fd80-457f-af5a-738d600c6947
1723630015361,197.70584862057774,109897801244586,3879600005662950,True,eun16cam5ZtTCofvGgBpsE,1392685764,35.67799297189427,139.77495968341827,Mapillary,77ff5dfb-71be-4647-abba-1fecab9367a1
1723037216439,208.19410390811197,109897801244586,1164718311455486,True,u5LHIPpl8bWEAVcw7F4JKR,1392685764,35.67569214834141,139.77352738380432,Mapillary,3fd71075-87b1-45f5-9312-8840b0a484bf
1723630004884,160.72854807302474,109897801244586,1300898264221206,True,eun16cam5ZtTCofvGgBpsE,1392685764,35.68554861894499,139.7707861661911,Mapillary,cbe4c0f8-9034-4ced-ba20-d2bd2b3f19d6
1723037200390,128.9446285128131,109897801244586,1149691792800695,True,u5LHIPpl8bWEAVcw7F4JKR,1392685764,35.68832842897588,139.7684097290039,Mapillary,63409733-8506-4b7c-886c-6190822ca7c9
1722882916765,315.4103612079382,105158808392190,2783180058511803,False,bRpjkKiLlw12Zx3dXon9gC,1392685764,35.68073382852013,139.7811394929886,Mapillary,aa381cbb-55da-42c9-886d-d7e27d2cb241
1722883001744,339.13895512466047,105158808392190,1166170377966179,False,rzG47q8KnovQHpMZ2DE0gT,1392685764,35.68527847550213,139.7707325220108,Mapillary,29793f25-8733-49f9-b1a6-0afcc92ab315
1722882951806,270.4023119710499,105158808392190,1181123286511695,False,bRpjkKiLlw12Zx3dXon9gC,1392685764,35.68439396718367,139.77771699428558,Mapillary,3e966edc-2312-493d-ae26-36f6c1ea7004
1723630012725,203.94424631642102,109897801244586,1029321902128125,True,eun16cam5ZtTCofvGgBpsE,1392685764,35.682163045503145,139.77741122245789,Mapillary,d2e76d15-fb12-47ac-9cc1-e8aed97b9d5f
1723630011391,173.83969285121043,109897801244586,825419519769188,True,eun16cam5ZtTCofvGgBpsE,1392685764,35.68387981498431,139.77823734283447,Mapillary,0f2a5cb9-d2f3-42ca-9616-9b30652569d7
1723037206963,151.1846055404534,109897801244586,1012049470644588,True,u5LHIPpl8bWEAVcw7F4JKR,1392685764,35.68514776060461,139.77090418338776,Mapillary,be788fd5-4fa5-418f-b20e-8539de0b8bd7
1722882922737,322.215601285093,105158808392190,1936706706826354,False,bRpjkKiLlw12Zx3dXon9gC,1392685764,35.681365650160586,139.78045284748077,Mapillary,9bc2b6e5-6710-4534-a131-8833718562f3
1723037200556,130.52749016401776,109897801244586,1004430664495907,True,u5LHIPpl8bWEAVcw7F4JKR,1392685764,35.688202076075925,139.76859748363495,Mapillary,4fdefd65-9be7-43b2-b180-d3cd166341e7
1723630002448,129.9460092390603,109897801244586,897107225584917,True,eun16cam5ZtTCofvGgBpsE,1392685764,35.6881977190758,139.76872086524963,Mapillary,fb4666b6-40c5-477c-9f48-4c59649e04e1
1722882949820,283.58110034027675,105158808392190,1057865662362362,False,bRpjkKiLlw12Zx3dXon9gC,1392685764,35.684385252767214,139.77801740169525,Mapillary,9c9be9d1-7a57-46d9-8547-53a23a78e3ba
1722882859737,299.8955907606506,105158808392190,909340184523945,False,bRpjkKiLlw12Zx3dXon9gC,1392685764,35.67907363884862,139.78859066963196,Mapillary,6b54bfc5-7bf7-48ea-abfa-fafaa8ab2cad
1722883019827,324.71278806781777,105158808392190,1011732683605603,False,rzG47q8KnovQHpMZ2DE0gT,1392685764,35.68746573967728,139.76929485797882,Mapillary,72112fcf-7704-4bb2-849a-f830b6f0883e
1723037215338,207.07492882162848,109897801244586,908124244460490,True,u5LHIPpl8bWEAVcw7F4JKR,1392685764,35.677727160441165,139.77473437786102,Mapillary,6b00a0d1-935b-411b-a5a3-e0007e6b94a8
1723630003917,145.5853788176912,109897801244586,789520656427239,True,eun16cam5ZtTCofvGgBpsE,1392685764,35.68672939648182,139.77013170719147,Mapillary,a0f620b2-595f-4fb2-a584-57aa9ca4b246
1723037213603,206.13122161327314,109897801244586,475462058678489,True,u5LHIPpl8bWEAVcw7F4JKR,1392685764,35.68107370561057,139.7767835855484,Mapillary,469deb5b-5948-4225-9a22-86e2d92901ca
1723630010490,86.99463093089668,109897801244586,1468088567404457,True,eun16cam5ZtTCofvGgBpsE,1392685764,35.6844462536624,139.7772878408432,Mapillary,6bb05d34-475c-4f7f-a392-fd9cb5f0e9b0
1723630003850,145.04695578150847,109897801244586,797566112538782,True,eun16cam5ZtTCofvGgBpsE,1392685764,35.68680346681484,139.7700673341751,Mapillary,05270ae8-651a-40c5-a7c1-0a1a1fa4ea1e
1723037215805,205.66116297164294,109897801244586,714438164156469,True,u5LHIPpl8bWEAVcw7F4JKR,1392685764,35.676851283649995,139.7742247581482,Mapillary,bea6924e-5dde-4f63-9adf-7001f1208efa
1723630012158,206.177767498295,109897801244586,517743647309474,True,eun16cam5ZtTCofvGgBpsE,1392685764,35.682943003729676,139.77782428264618,Mapillary,ef908113-4c37-4dea-a7a9-e4391614b41d
1723037215672,205.85653716022526,109897801244586,1045530437003227,True,u5LHIPpl8bWEAVcw7F4JKR,1392685764,35.677082237169955,139.77435886859894,Mapillary,c3e4149c-99c0-4694-8635-6ca38128fab0
1723630011157,150.06545117468977,109897801244586,1180670296508146,True,eun16cam5ZtTCofvGgBpsE,1392685764,35.68414124872007,139.77811932563782,Mapillary,a5ee7218-e8b2-4fc8-b535-4e4118476593
1722882989765,283.3270495747379,105158808392190,1068778141506813,False,rzG47q8KnovQHpMZ2DE0gT,1392685764,35.68437218114076,139.77192878723145,Mapillary,bbe9554d-2b5c-48c4-813c-1790d2ef8f7c
1723037212302,207.88979112025712,109897801244586,532883652742192,True,u5LHIPpl8bWEAVcw7F4JKR,1392685764,35.683243655982125,139.77803885936737,Mapillary,ef20d3d9-eafa-4807-9cc2-89ea8c053598
1723630003716,144.5472124818716,109897801244586,373768352228423,True,eun16cam5ZtTCofvGgBpsE,1392685764,35.68693853606865,139.76994931697845,Mapillary,83b11d5a-1a43-4733-afab-ad7be3e9ff51
1723630003516,144.45197254973294,109897801244586,1014434663510057,True,eun16cam5ZtTCofvGgBpsE,1392685764,35.68714331804945,139.76976692676544,Mapillary,e8e34e75-b1a2-4696-8a88-086199dd7ded
1723630011824,206.44696969552825,109897801244586,1573577576705126,True,eun16cam5ZtTCofvGgBpsE,1392685764,35.683361302207274,139.7780817747116,Mapillary,86fda412-32cb-49ae-b3e6-55ebb4e07a8b
1723630006486,102.45310782749704,109897801244586,1678530426234837,True,eun16cam5ZtTCofvGgBpsE,1392685764,35.68458132690718,139.77228820323944,Mapillary,f4d06025-54e4-4285-bd73-d3c697baf564
1722882992799,291.0599492023238,105158808392190,536725025351656,False,rzG47q8KnovQHpMZ2DE0gT,1392685764,35.684468039685086,139.77151572704315,Mapillary,ac643a4a-2932-4a3e-a080-09715a235bfd
1723630002615,134.9291238728198,109897801244586,8037307952990971,True,eun16cam5ZtTCofvGgBpsE,1392685764,35.68806265195403,139.76889789104462,Mapillary,72b05352-d2af-40f5-9b26-ddd7711e5ce8
1723630006019,104.37638896471202,109897801244586,509165284995739,True,eun16cam5ZtTCofvGgBpsE,1392685764,35.68465539923463,139.77191269397736,Mapillary,919cf11a-b65a-4e87-a6e3-0df24cdf7f96
1723037207630,118.68677972252158,109897801244586,1046934193592067,True,u5LHIPpl8bWEAVcw7F4JKR,1392685764,35.68473818587218,139.77140307426453,Mapillary,4fb55933-977c-43f4-997c-e3028d9567aa
1723037209332,102.48349004437864,109897801244586,1057683219696446,True,u5LHIPpl8bWEAVcw7F4JKR,1392685764,35.684359109512144,139.7732001543045,Mapillary,51b0a610-8660-46ba-9b5f-226aaf753ae0
1723037208097,105.05203564244664,109897801244586,528454342970873,True,u5LHIPpl8bWEAVcw7F4JKR,1392685764,35.68462925606809,139.7717571258545,Mapillary,2fd223aa-cf69-445e-b40c-72bec44ff610
1722883020883,323.1130167935531,105158808392190,1027419022430125,False,rzG47q8KnovQHpMZ2DE0gT,1392685764,35.687565951539355,139.76920366287231,Mapillary,a6a85ccd-af5f-4148-b846-a93e6578a043
1723037215104,206.72566513723757,109897801244586,1035803934810378,True,u5LHIPpl8bWEAVcw7F4JKR,1392685764,35.67804526256771,139.77497577667236,Mapillary,1dcfaed3-fba1-41d7-916e-372d82709ca9
1722882986788,282.0419892573302,105158808392190,1300458687600398,False,rzG47q8KnovQHpMZ2DE0gT,1392685764,35.6842893941234,139.77237939834595,Mapillary,c23dbda0-38ba-4fa0-959f-3f9c1942c93e
1723630013626,205.77234742170097,109897801244586,1581369122776587,True,eun16cam5ZtTCofvGgBpsE,1392685764,35.68078175999234,139.7766226530075,Mapillary,22dd4cba-6618-4a76-97c1-2c956d893f9f
1723630007754,107.75462415468712,109897801244586,1160345585223000,True,eun16cam5ZtTCofvGgBpsE,1392685764,35.68439832439155,139.7732377052307,Mapillary,0b465799-1820-483c-9efe-f3b136ab2929
1723037209499,101.41933848623137,109897801244586,820689576840427,True,u5LHIPpl8bWEAVcw7F4JKR,1392685764,35.684319894613466,139.77343082427979,Mapillary,12fef800-e775-4f72-91da-d433413070a2
1723630012959,203.79697396327205,109897801244586,806733914908732,True,eun16cam5ZtTCofvGgBpsE,1392685764,35.6818188157044,139.77722346782684,Mapillary,8d037c20-310d-47b2-b7b3-416df66135bf
1723630003816,144.61022420969243,109897801244586,430202723384460,True,eun16cam5ZtTCofvGgBpsE,1392685764,35.68683832341837,139.77003514766693,Mapillary,ee9ace53-909c-4ac8-b590-3ab5f7439ef8
1723037210934,76.80223538215603,109897801244586,858713999037826,True,u5LHIPpl8bWEAVcw7F4JKR,1392685764,35.68430246576344,139.7764617204666,Mapillary,adcc68a2-92a0-439d-9399-5f3d5ddb839d
1723037211634,128.97937074074503,109897801244586,1460351804618408,True,u5LHIPpl8bWEAVcw7F4JKR,1392685764,35.68430246576344,139.77794229984283,Mapillary,ad03cdbc-850b-4d90-9998-2aac84c0ca62
1723630013026,203.9182423476055,109897801244586,1690413501723119,True,eun16cam5ZtTCofvGgBpsE,1392685764,35.681709881914415,139.77716445922852,Mapillary,7f5142d3-5de1-4ea4-b3c9-909769c5c72b
1723630012859,204.06541160742785,109897801244586,1614909552412442,True,eun16cam5ZtTCofvGgBpsE,1392685764,35.68197568010068,139.77730929851532,Mapillary,acfa0f58-2672-4726-abd2-9d7bbd8840e4
1723037204527,147.2450867783948,109897801244586,789413839743916,True,u5LHIPpl8bWEAVcw7F4JKR,1392685764,35.686576898520755,139.7701531648636,Mapillary,a98a104e-8569-4558-8c80-79bc5f2b6ddc
1723630002815,139.9913761976295,109897801244586,1274898856825656,True,eun16cam5ZtTCofvGgBpsE,1392685764,35.6878753004065,139.7691124677658,Mapillary,837e1b53-5e14-4697-ad54-6a4b1e927a17
1723630011991,206.74662512000407,109897801244586,1740663356762085,True,eun16cam5ZtTCofvGgBpsE,1392685764,35.68316086779376,139.77795839309692,Mapillary,2fed4065-d056-40ee-9088-90a964eee81d
1723037212035,188.69580187554237,109897801244586,482689087831280,True,u5LHIPpl8bWEAVcw7F4JKR,1392685764,35.683701168105486,139.77824807167053,Mapillary,469da8d6-1289-4453-bd63-65edd49398e2
1723630004484,159.21600117615003,109897801244586,367735616219826,True,eun16cam5ZtTCofvGgBpsE,1392685764,35.68606276038963,139.77056622505188,Mapillary,70c1c142-f139-4287-bbb9-393ee47da1d2
1723037206262,160.94134493037518,109897801244586,427230896301539,True,u5LHIPpl8bWEAVcw7F4JKR,1392685764,35.68570111887168,139.7706413269043,Mapillary,7e703295-6506-45d5-b49d-0b9597f5f709
1723630003483,144.7717512387822,109897801244586,1211051193231369,True,eun16cam5ZtTCofvGgBpsE,1392685764,35.68717817450447,139.7697401046753,Mapillary,e96b3c51-c0f6-4209-9e06-8d0c7ecd2595
1723630008254,103.06351545722566,109897801244586,481192468141318,True,eun16cam5ZtTCofvGgBpsE,1392685764,35.68428067969555,139.77376341819763,Mapillary,c01dd90c-2024-46e9-8168-8137c8f3fb14
1723037209632,101.87693540500436,109897801244586,1488327362047187,True,u5LHIPpl8bWEAVcw7F4JKR,1392685764,35.684285036909586,139.77364540100098,Mapillary,644f515c-61fa-4710-9686-eb1a37a3dfa5
1723037200023,132.02916422860994,109897801244586,419487731121141,True,u5LHIPpl8bWEAVcw7F4JKR,1392685764,35.68855063531451,139.7680824995041,Mapillary,edbb0758-adb3-4425-a02a-6ddb22d8c184
1723630009989,77.24785764549569,109897801244586,538951465375935,True,eun16cam5ZtTCofvGgBpsE,1392685764,35.68432860903707,139.77655827999115,Mapillary,159a2c77-9de7-4ab8-b2fa-2d13e5e5f7d2
1723630005118,153.9218056420275,109897801244586,346873945159051,True,eun16cam5ZtTCofvGgBpsE,1392685764,35.68525668970075,139.77092564105988,Mapillary,eb3bdc99-4d2d-4c42-b604-8f208b0e74b4
1723037206663,160.48420636033188,109897801244586,1447016279341879,True,u5LHIPpl8bWEAVcw7F4JKR,1392685764,35.68537433295754,139.7707861661911,Mapillary,351983a1-d7ae-4c66-866d-cac119323bf1
1723630016496,208.31746285868584,109897801244586,512156237892625,True,eun16cam5ZtTCofvGgBpsE,1392685764,35.676201995645144,139.7739028930664,Mapillary,40c2f27c-6362-4db2-a78c-8b5d604f2d24
1723630004050,147.21468778224073,109897801244586,1645874796196478,True,eun16cam5ZtTCofvGgBpsE,1392685764,35.686585612697826,139.7702443599701,Mapillary,9bbeae75-f792-4e18-9dd6-4bd2124223d0
1723037206696,159.47240871412737,109897801244586,1845315625954678,True,u5LHIPpl8bWEAVcw7F4JKR,1392685764,35.68534819002659,139.77079689502716,Mapillary,21220f66-c08e-4bcd-b977-4cef0e955ac1
1723037212936,200.69644809018882,109897801244586,1035057474723583,True,u5LHIPpl8bWEAVcw7F4JKR,1392685764,35.682224048097396,139.77745413780212,Mapillary,46fe9774-4c43-47b4-af0b-a57e91cf092b
1723037214037,205.05658491429068,109897801244586,1441912409801960,True,u5LHIPpl8bWEAVcw7F4JKR,1392685764,35.68021529529807,139.7762793302536,Mapillary,1607fb92-98ee-4f77-ab89-ce9bf6572370
1723630011424,177.71073772879163,109897801244586,8853573118003826,True,eun16cam5ZtTCofvGgBpsE,1392685764,35.68383624261175,139.7782427072525,Mapillary,01dfd5a2-2eb7-4180-bff9-4b7775d98954
1723630010823,112.40357045445973,109897801244586,2792534197567910,True,eun16cam5ZtTCofvGgBpsE,1392685764,35.68439832439155,139.77774381637573,Mapillary,12d27f04-80e2-4947-998a-ae01160da9f9
1722882899816,243.7643441803205,105158808392190,7918495694885225,False,bRpjkKiLlw12Zx3dXon9gC,1392685764,35.68029808654276,139.78372514247894,Mapillary,c073b69c-96a9-4e95-adf8-a87e7ccb1be6
1723037201057,140.35765346420953,109897801244586,846479764091995,True,u5LHIPpl8bWEAVcw7F4JKR,1392685764,35.68778816000193,139.76910710334778,Mapillary,0bb2e4d5-2436-4e7c-94fd-0f6b9f27a919
1722883023827,314.91890027632235,105158808392190,957148642852640,False,rzG47q8KnovQHpMZ2DE0gT,1392685764,35.68783608723622,139.76890325546265,Mapillary,6638cbc7-ea13-47bb-8917-98c5103a150f
1722882920774,317.7899455889352,105158808392190,3687910884760346,False,bRpjkKiLlw12Zx3dXon9gC,1392685764,35.68114778119454,139.78067278862,Mapillary,b4b2e754-b517-4e75-b5b5-0d23d57900b1
1723037205795,159.2176574135127,109897801244586,782910683914305,True,u5LHIPpl8bWEAVcw7F4JKR,1392685764,35.68601918920926,139.77050721645355,Mapillary,4717a2ec-838f-4028-9e14-c598285c6f97
1723037208898,102.32166838021016,109897801244586,1024327409087509,True,u5LHIPpl8bWEAVcw7F4JKR,1392685764,35.6844462536624,139.77272272109985,Mapillary,0bd75387-091b-4d80-a837-a97a43753da7
1723037212068,193.47212653351468,109897801244586,1722305545244794,True,u5LHIPpl8bWEAVcw7F4JKR,1392685764,35.68364452388967,139.77823734283447,Mapillary,78bb9cd5-e2e4-48a4-8cb4-8c02859d0332
1723630013693,205.41531491385626,109897801244586,517860994030292,True,eun16cam5ZtTCofvGgBpsE,1392685764,35.68067718219764,139.77656364440918,Mapillary,f4f77728-3bf0-49c9-80f7-bd7c16c70b4c
1723630013493,205.2440151692504,109897801244586,2478087452383628,True,eun16cam5ZtTCofvGgBpsE,1392685764,35.68099527256433,139.77675139904022,Mapillary,1a638c82-7e78-4eb6-8b88-5b2f63f0cbd4
1723630003950,146.27634631521414,109897801244586,2530701397262896,True,eun16cam5ZtTCofvGgBpsE,1392685764,35.68669453983071,139.77015852928162,Mapillary,8dcd4a35-7b70-4f96-8efb-e346c8c87903
1722882895770,242.74690673449115,105158808392190,1624648585047134,False,bRpjkKiLlw12Zx3dXon9gC,1392685764,35.68057260426583,139.78437960147858,Mapillary,5a363816-81c9-442e-a784-c362237ae29a
1723037205728,159.1235039125511,109897801244586,1011213420458243,True,u5LHIPpl8bWEAVcw7F4JKR,1392685764,35.68606711750637,139.77048575878143,Mapillary,b67d248f-ea23-4d8b-89f9-19e746494ee7
1723037205528,155.38380093145952,109897801244586,1556440254950692,True,u5LHIPpl8bWEAVcw7F4JKR,1392685764,35.68619783089754,139.77041602134705,Mapillary,a33697d5-8fa8-4cec-b022-522248bdcdb6
1723037202759,144.897424291238,109897801244586,7782801075121238,True,u5LHIPpl8bWEAVcw7F4JKR,1392685764,35.687030034465465,139.76977229118347,Mapillary,730dc0c8-3cd8-4dbc-9737-31dc3060dcdb
1723037207163,141.98703292543678,109897801244586,829764802213159,True,u5LHIPpl8bWEAVcw7F4JKR,1392685764,35.685008331144545,139.77101683616638,Mapillary,4f5fe968-64ab-46ee-9a90-c9791fb90847
1722882993739,297.8866830859381,105158808392190,3090171391119964,False,rzG47q8KnovQHpMZ2DE0gT,1392685764,35.684520326115276,139.77139234542847,Mapillary,5b99b46f-772b-4fe5-867e-ff0282b778b3
1723630012892,203.90894840315508,109897801244586,1911457409326677,True,eun16cam5ZtTCofvGgBpsE,1392685764,35.681923392002844,139.77727711200714,Mapillary,6ea5cd07-3a94-4457-a7f3-a4cc01379541
1723630014861,206.36850245432697,109897801244586,380010184887377,True,eun16cam5ZtTCofvGgBpsE,1392685764,35.678781685912654,139.7754317522049,Mapillary,05337f0a-71bc-46ad-9364-5819e2510983
1723037214971,207.2038886273816,109897801244586,1199243337768629,True,u5LHIPpl8bWEAVcw7F4JKR,1392685764,35.67829800033961,139.77513134479523,Mapillary,dfbf4ccb-e9aa-485b-b371-6440f3a441a0
1722882908760,285.40981630761655,105158808392190,1143551656711006,False,bRpjkKiLlw12Zx3dXon9gC,1392685764,35.680006138086725,139.7822070121765,Mapillary,384ccb62-8cbc-40be-98c7-554b27ef2e10
1723630016462,207.15613372415513,109897801244586,531057019259052,True,eun16cam5ZtTCofvGgBpsE,1392685764,35.67625428749213,139.77393507957458,Mapillary,079f5e5c-1e9d-469b-bb11-0013835803aa
1723630012025,206.85850829280798,109897801244586,8364916496879621,True,eun16cam5ZtTCofvGgBpsE,1392685764,35.68311293775071,139.77793157100677,Mapillary,adda7a6d-7efb-457a-8fce-144eb27e8c45
1723037206329,160.89905361604497,109897801244586,466669152911357,True,u5LHIPpl8bWEAVcw7F4JKR,1392685764,35.6856531903547,139.77066278457642,Mapillary,0e5ce9fc-a50b-4095-a1a3-72d7a741ead6
1723630016129,206.6333911823114,109897801244586,371067562703261,True,eun16cam5ZtTCofvGgBpsE,1392685764,35.676768488829154,139.7742623090744,Mapillary,2a1c877a-e159-45a1-a0c6-c8c67e7ee664
1723037214270,205.00629513901305,109897801244586,1330113985086434,True,u5LHIPpl8bWEAVcw7F4JKR,1392685764,35.679718546025924,139.77598965168,Mapillary,572cea94-615e-4929-ad7b-03b4534271d4
1722883024985,311.6351372646049,105158808392190,2241430629549321,False,rzG47q8KnovQHpMZ2DE0gT,1392685764,35.687918870573114,139.76879060268402,Mapillary,d2951da7-1df3-4e8f-a4a6-d9def77c2163
1723630010290,78.42631017198659,109897801244586,1235507744144791,True,eun16cam5ZtTCofvGgBpsE,1392685764,35.684411396013715,139.77699279785156,Mapillary,341c767b-515d-46cb-b5bf-1986dece5815
1723037209232,102.91648308274068,109897801244586,1960273221092053,True,u5LHIPpl8bWEAVcw7F4JKR,1392685764,35.68438089555863,139.77307677268982,Mapillary,86fce83c-ff96-4466-b7cd-7c893a15fb4a
1722882853896,296.56212860748406,105158808392190,476545391661298,False,bRpjkKiLlw12Zx3dXon9gC,1392685764,35.678711965650535,139.78945434093475,Mapillary,4d89f4f0-aa3d-49cb-9557-a3fbd65e71e6
1723630008721,103.10136249111281,109897801244586,1676725699827301,True,eun16cam5ZtTCofvGgBpsE,1392685764,35.68415432038438,139.7744232416153,Mapillary,c71842f6-cd9b-4a36-be08-8139a85ff659
1723630004617,161.01327449189807,109897801244586,526228953087114,True,eun16cam5ZtTCofvGgBpsE,1392685764,35.685892832651646,139.7706413269043,Mapillary,7833176b-4f4e-46be-bad5-f5c1546315fa
1723630005585,120.94952946822923,109897801244586,681143634226503,True,eun16cam5ZtTCofvGgBpsE,1392685764,35.68481661523904,139.7713977098465,Mapillary,a21a5f39-49a5-488d-a95a-745d4fb8dc76
1723630011691,202.82781166192686,109897801244586,790007623048908,True,eun16cam5ZtTCofvGgBpsE,1392685764,35.683513806315034,139.77817296981812,Mapillary,04f8537d-ce99-4a92-b6f3-1bf862b9b396
1722882934753,345.27381923141974,105158808392190,1163526834872380,False,bRpjkKiLlw12Zx3dXon9gC,1392685764,35.68296914744879,139.77978229522705,Mapillary,59e5b639-a6da-49e4-9da3-c09f4c6ead26
1723037200189,130.03129765091978,109897801244586,911583204062421,True,u5LHIPpl8bWEAVcw7F4JKR,1392685764,35.68846349564764,139.7682112455368,Mapillary,7c91eb26-deae-4459-b4cb-1a8b475443c8
1723037205128,145.06526042838135,109897801244586,8353541414680758,True,u5LHIPpl8bWEAVcw7F4JKR,1392685764,35.686354686684226,139.77032482624054,Mapillary,44361478-8df2-4ffe-9d57-71abef300341
1723037214671,205.49710089877212,109897801244586,1292550995045823,True,u5LHIPpl8bWEAVcw7F4JKR,1392685764,35.67890369622478,139.7755068540573,Mapillary,1b39427d-907c-4360-811b-0c21dc648475
1723630005718,112.69858487139902,109897801244586,483148104485362,True,eun16cam5ZtTCofvGgBpsE,1392685764,35.68474254306126,139.77157473564148,Mapillary,c9dc7db2-2add-468c-97e9-107a40117b38
1722882958829,260.224085730356,105158808392190,477346338255021,False,bRpjkKiLlw12Zx3dXon9gC,1392685764,35.68423710754189,139.77668166160583,Mapillary,748c5066-7aae-4fef-a7f9-d1d402bf166f
1722882902856,244.99299972499952,105158808392190,2272399309807195,False,bRpjkKiLlw12Zx3dXon9gC,1392685764,35.68008892954843,139.78324234485626,Mapillary,f8e78289-e386-4614-8cca-c3bbb0450770
1722883027823,302.235399552552,105158808392190,1515652165711552,False,rzG47q8KnovQHpMZ2DE0gT,1392685764,35.68812800704151,139.76839900016785,Mapillary,49d36d13-bbcc-4863-8ec0-d870eb329880
1723630003750,144.46422523288072,109897801244586,3239939436142098,True,eun16cam5ZtTCofvGgBpsE,1392685764,35.6869036795089,139.76998150348663,Mapillary,5f0fee91-bff7-4f83-b48a-1208be842559
1723037203459,141.68893460576436,109897801244586,1031702372082278,True,u5LHIPpl8bWEAVcw7F4JKR,1392685764,35.68686446586102,139.76992785930634,Mapillary,9f91b0b6-fec0-4398-9b11-0c284c3a62d5
1723630014627,206.4535134842398,109897801244586,1199491371249578,True,eun16cam5ZtTCofvGgBpsE,1392685764,35.67915643127789,139.7756677865982,Mapillary,e9a21cc2-136c-4506-ad41-98300d57a28b
1723037211501,107.6887914403967,109897801244586,512602874549994,True,u5LHIPpl8bWEAVcw7F4JKR,1392685764,35.68440268159917,139.77769017219543,Mapillary,5976c183-8be5-4d0f-a862-ef5306660670
1723037212602,205.75590648659465,109897801244586,8199886776736303,True,u5LHIPpl8bWEAVcw7F4JKR,1392685764,35.68278178393928,139.77774381637573,Mapillary,4e33b51f-e329-4ed8-8be9-809d8e93194d
1723630011925,206.9382825313937,109897801244586,26403308425980297,True,eun16cam5ZtTCofvGgBpsE,1392685764,35.683239298711186,139.7780066728592,Mapillary,e8f70b58-0efa-44ee-8a18-8e6d2d7d89e2
1723630008688,103.21610630608893,109897801244586,408411071786726,True,eun16cam5ZtTCofvGgBpsE,1392685764,35.68416303482607,139.774369597435,Mapillary,5ef5a11d-5352-4fc2-b16a-b0cc511a88b7
1723630003283,144.75583218260363,109897801244586,2277752432577974,True,eun16cam5ZtTCofvGgBpsE,1392685764,35.68739166995914,139.76955235004425,Mapillary,3af1761d-c985-489f-a44e-f0c5aa4fc87c
1722882892932,243.6274349568258,105158808392190,813134744304007,False,bRpjkKiLlw12Zx3dXon9gC,1392685764,35.68077304518138,139.78482484817505,Mapillary,3538081d-5644-4f68-90e1-39c1c853f2df
1723037207964,107.47052809034773,109897801244586,1465592368169644,True,u5LHIPpl8bWEAVcw7F4JKR,1392685764,35.68465104204081,139.7716498374939,Mapillary,03ff8cd0-a740-46bb-ac3b-cd3c911e8376
1722882941889,312.5421892684127,105158808392190,419665204425844,False,bRpjkKiLlw12Zx3dXon9gC,1392685764,35.68384059985006,139.77920293807983,Mapillary,426d67df-364c-4462-b7f0-a6c8847a82d0
1723037209198,103.0098064524077,109897801244586,1023695465704678,True,u5LHIPpl8bWEAVcw7F4JKR,1392685764,35.684389609975554,139.77303385734558,Mapillary,4e2c2130-7537-4c89-a5de-8dee32b309d0
1723630010156,77.02750017967173,109897801244586,1050964846397716,True,eun16cam5ZtTCofvGgBpsE,1392685764,35.68437653834981,139.77680504322052,Mapillary,360ec8e6-702b-4dfe-9796-db30840ccbc2
1722882917796,315.23814235780617,105158808392190,506627831902515,False,bRpjkKiLlw12Zx3dXon9gC,1392685764,35.680838406240596,139.78102147579193,Mapillary,03f37a7a-8cf5-4468-8833-10e36e81cb5b
1723630016429,205.90105673545511,109897801244586,1015704696855863,True,eun16cam5ZtTCofvGgBpsE,1392685764,35.67630657930488,139.77396190166473,Mapillary,7d78c294-7388-45ab-bde0-8d70f2d042f6
1723630015962,207.25777764867178,109897801244586,485112560821936,True,eun16cam5ZtTCofvGgBpsE,1392685764,35.67702123064474,139.7744232416153,Mapillary,759a71d8-c0ca-4b11-b461-93081b8a6544
1723037213903,205.7603715966583,109897801244586,855797713281131,True,u5LHIPpl8bWEAVcw7F4JKR,1392685764,35.68048981330597,139.7764402627945,Mapillary,a1736e4c-617b-4abe-90c5-78b6fd33b4b2
1723630014460,209.02614992620948,109897801244586,1140815450335360,True,eun16cam5ZtTCofvGgBpsE,1392685764,35.6794353104075,139.77583944797516,Mapillary,116a3b06-ff1a-4954-882c-2b6d061d7dd8
1723630017030,204.28951738695432,109897801244586,503675878915179,True,eun16cam5ZtTCofvGgBpsE,1392685764,35.67538710993567,139.7733771800995,Mapillary,5af12169-b1dd-4cf9-a95b-45f4a98b9e2f
1722882961814,259.14408524252786,105158808392190,2190757357947350,False,bRpjkKiLlw12Zx3dXon9gC,1392685764,35.68414560594174,139.7762095928192,Mapillary,ce4da02f-3624-487e-ac1e-c4f2727f9d08
1722882888916,248.67050123030205,105158808392190,1234662967556117,False,bRpjkKiLlw12Zx3dXon9gC,1392685764,35.68100834474407,139.78536665439606,Mapillary,6f8067ff-47eb-4d8f-8a1a-17a232381d54
1722882918796,316.16560499124023,105158808392190,412973438435430,False,bRpjkKiLlw12Zx3dXon9gC,1392685764,35.68093862642746,139.78089809417725,Mapillary,fe75df19-913b-4d54-848a-e4a32d0d8113
1723037215571,204.53059810055075,109897801244586,1421873835171188,True,u5LHIPpl8bWEAVcw7F4JKR,1392685764,35.67726089886837,139.77446615695953,Mapillary,e3046711-e773-46c7-9471-cca0e82c05f6
1723037213036,204.1222619872292,109897801244586,1600852177309652,True,u5LHIPpl8bWEAVcw7F4JKR,1392685764,35.68206718418941,139.7773790359497,Mapillary,08642b53-c33c-4c0e-ad87-2d4effe2c31c
1723630008755,102.45754217353294,109897801244586,422498493555792,True,eun16cam5ZtTCofvGgBpsE,1392685764,35.68414124872007,139.7744768857956,Mapillary,e6e1afe8-6cdb-4a5e-b18d-ec06fb39c7aa
1723037201524,145.29978586684604,109897801244586,901093918728630,True,u5LHIPpl8bWEAVcw7F4JKR,1392685764,35.68745702559636,139.76940751075745,Mapillary,21e3b8a9-c07b-47bb-8386-b8de67b3bb04
1723037208998,101.79705879645695,109897801244586,507178505007556,True,u5LHIPpl8bWEAVcw7F4JKR,1392685764,35.68442446763376,139.77283537387848,Mapillary,e7645279-6cc3-4c42-84c6-737043cae0f0
1723630011357,170.0941447563731,109897801244586,1858090131351366,True,eun16cam5ZtTCofvGgBpsE,1392685764,35.683923387333095,139.7782266139984,Mapillary,08a74030-c053-46be-8191-ee2306f69e75
1723630008821,101.30718368906548,109897801244586,428623906202667,True,eun16cam5ZtTCofvGgBpsE,1392685764,35.684123819831,139.77457880973816,Mapillary,e99fc3f8-1006-47d8-b3b1-cd41ce62823a
1722882872812,326.8280212255654,105158808392190,3636535366609795,False,bRpjkKiLlw12Zx3dXon9gC,1392685764,35.68035473313439,139.7872495651245,Mapillary,e122b079-1918-425a-979a-caa35ab53415
1723630005618,118.73178575942035,109897801244586,1603642353530108,True,eun16cam5ZtTCofvGgBpsE,1392685764,35.68479482931154,139.77144062519073,Mapillary,58df0696-b553-4c70-b5ad-b20718d0449c
1723037211034,77.78970108028295,109897801244586,995585642246770,True,u5LHIPpl8bWEAVcw7F4JKR,1392685764,35.6843460378814,139.7766923904419,Mapillary,6ffa0b60-6a70-482c-8546-13cb361b99bd
1723037208865,102.50253298700846,109897801244586,3767473820233834,True,u5LHIPpl8bWEAVcw7F4JKR,1392685764,35.684450610867415,139.77268517017365,Mapillary,8eef1f70-009c-4559-99e8-3cacf118a9e9
1723037215138,212.64628537869513,109897801244586,1524611308182196,True,u5LHIPpl8bWEAVcw7F4JKR,1392685764,35.677997329451685,139.77494359016418,Mapillary,07d85eeb-d1f2-4dac-ac55-26d82895a378
1723037211301,85.75572004867547,109897801244586,1011343383611336,True,u5LHIPpl8bWEAVcw7F4JKR,1392685764,35.684433182045936,139.77728247642517,Mapillary,7ce8505c-bc2b-4517-9926-45ae5e374e7e
1723630011958,206.75533722119772,109897801244586,1038803700611264,True,eun16cam5ZtTCofvGgBpsE,1392685764,35.68320008326211,139.77798521518707,Mapillary,486a2c51-7341-40b2-ba16-cfb72e3a0ae2
1723630010390,81.61334964486355,109897801244586,1040995384251519,True,eun16cam5ZtTCofvGgBpsE,1392685764,35.684433182045936,139.7771430015564,Mapillary,caf764ff-3b19-4303-b70d-d9eb75f96dd7
1723037204127,144.98725424070358,109897801244586,827048222863494,True,u5LHIPpl8bWEAVcw7F4JKR,1392685764,35.68668146858262,139.77007269859314,Mapillary,1a4750a7-558e-4d1b-82d6-cc1bada36f18
1723037210500,79.52405542443626,109897801244586,1696760087768184,True,u5LHIPpl8bWEAVcw7F4JKR,1392685764,35.684106390938155,139.77542638778687,Mapillary,06d1ba55-0586-4b18-ac25-0d7ec5f0c0be
1722882906725,269.6608553386044,105158808392190,1062972448524795,False,bRpjkKiLlw12Zx3dXon9gC,1392685764,35.679953848698204,139.78255569934845,Mapillary,904c601f-466d-4c96-8635-1437cc3ea2e5
1722882943775,306.2196246347256,105158808392190,343173185408859,False,bRpjkKiLlw12Zx3dXon9gC,1392685764,35.684001817500956,139.7789078950882,Mapillary,106303b1-c858-4a67-8611-75707b547265
1723630012825,203.78131777604625,109897801244586,387846670715320,True,eun16cam5ZtTCofvGgBpsE,1392685764,35.68202796816422,139.77733612060547,Mapillary,a36afcf5-891d-4ef8-9c61-e0c774990b9a
1722882869830,324.25676784581873,105158808392190,1000760745082888,False,bRpjkKiLlw12Zx3dXon9gC,1392685764,35.680027925321795,139.78749632835388,Mapillary,264014c7-ec38-4efd-91f6-21150cfbd88f
1722882897834,243.781344527077,105158808392190,1489404265022782,False,bRpjkKiLlw12Zx3dXon9gC,1392685764,35.680433166810246,139.78405237197876,Mapillary,64b4dbde-1474-4454-acf2-c3c4f31766eb
1723630007887,106.82477798611058,109897801244586,1528659001410109,True,eun16cam5ZtTCofvGgBpsE,1392685764,35.68436782393145,139.77335572242737,Mapillary,58feb7f4-3686-4050-b3a7-a3769e54d208
1723630017130,211.0895421655138,109897801244586,1276328680444247,True,eun16cam5ZtTCofvGgBpsE,1392685764,35.67523459029559,139.77328062057495,Mapillary,234f2c10-52ea-4cc3-a6e6-adddf24e0079
1722882912876,310.04420997585504,105158808392190,503379915748733,False,bRpjkKiLlw12Zx3dXon9gC,1392685764,35.68030680140565,139.78161692619324,Mapillary,0587e12c-59ba-499c-8b45-292845767df7
1722882933877,345.27381923141974,105158808392190,1408638176474525,False,bRpjkKiLlw12Zx3dXon9gC,1392685764,35.68282971418125,139.7798252105713,Mapillary,0d2ee12e-bf68-43cb-bbba-2193060e6adf
1722882940812,316.6082918631771,105158808392190,3712167709037285,False,bRpjkKiLlw12Zx3dXon9gC,1392685764,35.683744740551845,139.77933704853058,Mapillary,35a595b9-bea0-4ffb-8890-f988b8fbb9de
1722882875753,323.6046832853356,105158808392190,1040988000797211,False,bRpjkKiLlw12Zx3dXon9gC,1392685764,35.68065975255186,139.7870135307312,Mapillary,4fd37919-b81e-4d00-9a87-e842098a2be2
1723630008922,98.08032391111516,109897801244586,1060931912308105,True,eun16cam5ZtTCofvGgBpsE,1392685764,35.68409767649028,139.7747504711151,Mapillary,97e6e977-30bd-4395-b260-32b45c9f6b8b
1723630002215,127.30833147163531,109897801244586,506645091771082,True,eun16cam5ZtTCofvGgBpsE,1392685764,35.68837199889499,139.76845264434814,Mapillary,2787ac95-80af-404c-8dca-bb68723e4fde
1723037215638,206.67530625027953,109897801244586,1652061338886674,True,u5LHIPpl8bWEAVcw7F4JKR,1392685764,35.677138886044474,139.77439641952515,Mapillary,566c5db5-4041-4929-8a22-9a67dfe1d1b7
1723037208398,103.3146189529997,109897801244586,1890856738102330,True,u5LHIPpl8bWEAVcw7F4JKR,1392685764,35.684559540915416,139.7720843553543,Mapillary,63975822-50e8-4cbc-bf27-ccbd6babfeac
1723037209933,105.4881975355429,109897801244586,850428917017377,True,u5LHIPpl8bWEAVcw7F4JKR,1392685764,35.68417174926678,139.77417647838593,Mapillary,4946dd21-cbd2-4997-9973-35ec26fa99d4
1723630005218,148.2042612857889,109897801244586,531767725871787,True,eun16cam5ZtTCofvGgBpsE,1392685764,35.68513904627052,139.7710007429123,Mapillary,a5a87e69-a862-4f1c-9155-ee489c86ff0e
1723630014594,207.04245345361866,109897801244586,821650570150585,True,eun16cam5ZtTCofvGgBpsE,1392685764,35.679213078679965,139.77569997310638,Mapillary,26f5b74d-6e0b-4d92-9acf-a67a936b6991
1723630012525,201.6736688482324,109897801244586,980551500534021,True,eun16cam5ZtTCofvGgBpsE,1392685764,35.68245498606737,139.7775560617447,Mapillary,2ba18821-53fb-4abc-983c-7db4b6473f90
1723630012058,206.52365853933935,109897801244586,848659256915539,True,eun16cam5ZtTCofvGgBpsE,1392685764,35.68307372223953,139.77790474891663,Mapillary,8692f72f-ba75-4708-a0bc-60a5b070ff6e
1723037214771,206.36957178562048,109897801244586,2771420869695653,True,u5LHIPpl8bWEAVcw7F4JKR,1392685764,35.678694535575474,139.7753781080246,Mapillary,be039dca-df89-4922-b66b-4c65e85f87c8
1723037211200,80.10629817798593,109897801244586,970888405049765,True,u5LHIPpl8bWEAVcw7F4JKR,1392685764,35.68440703880657,139.77706253528595,Mapillary,b6d633c5-59d8-4b0e-a98a-f38a95ff93f9
1722882881697,289.01828177953,105158808392190,1063130198564982,False,bRpjkKiLlw12Zx3dXon9gC,1392685764,35.681078062999774,139.7863483428955,Mapillary,a24d79ff-6ba1-48b0-bf76-575854967795
1723037211668,134.24354705731173,109897801244586,837383205023356,True,u5LHIPpl8bWEAVcw7F4JKR,1392685764,35.684267608051925,139.7779905796051,Mapillary,1c2fbd2b-5770-45c5-8e46-6d259fe590ba
1723630006886,103.88971334655577,109897801244586,1940079403072297,True,eun16cam5ZtTCofvGgBpsE,1392685764,35.68452904051698,139.77255642414093,Mapillary,e219b7ed-0be1-4339-81d7-0f61ee972260
1723037212835,200.74469809095837,109897801244586,1418469682425423,True,u5LHIPpl8bWEAVcw7F4JKR,1392685764,35.6823939836497,139.77752923965454,Mapillary,cb205e30-bbda-4fbb-a2e4-2b0c2dbc01ae
1723630009722,77.17948660622807,109897801244586,846000707479177,True,eun16cam5ZtTCofvGgBpsE,1392685764,35.68425017919047,139.77612912654877,Mapillary,6151250c-8125-40fc-9dc3-ddde38cf73e3
1723037212135,199.26482159938664,109897801244586,381035388059844,True,u5LHIPpl8bWEAVcw7F4JKR,1392685764,35.68353123533734,139.77819979190826,Mapillary,73f86f78-4bfc-4196-94cd-242dc9d4850d
1723630002749,138.60753275609966,109897801244586,8111398132229974,True,eun16cam5ZtTCofvGgBpsE,1392685764,35.687940655647466,139.76904273033142,Mapillary,aa7266da-d2b3-4914-89f7-b7d94b25a844
1723037201858,146.04297991127663,109897801244586,481106941197932,True,u5LHIPpl8bWEAVcw7F4JKR,1392685764,35.68723917326412,139.7695952653885,Mapillary,e402c98d-9069-4aab-8e54-415d563cc9ee
1723037215772,205.12239147706532,109897801244586,519433213979879,True,u5LHIPpl8bWEAVcw7F4JKR,1392685764,35.676912290305125,139.77425694465637,Mapillary,dad84085-5ca7-4245-8368-46f48a637a7a
1723037208698,102.29729940539721,109897801244586,1992945287827564,True,u5LHIPpl8bWEAVcw7F4JKR,1392685764,35.68448982570183,139.77247059345245,Mapillary,4aa19ec9-62fa-4711-b02c-4dd9260646e7
1723037212368,208.6332060273654,109897801244586,1059642709125851,True,u5LHIPpl8bWEAVcw7F4JKR,1392685764,35.68314343869052,139.777974486351,Mapillary,c9be7f27-480c-45d4-9419-6a8e58d6e307
1723630015828,205.1592345164617,109897801244586,3719021635052000,True,eun16cam5ZtTCofvGgBpsE,1392685764,35.677230395679885,139.77454662322998,Mapillary,786c4a58-d3aa-452b-a005-a968ecb2c90f
1723630003616,147.19540194416464,109897801244586,1038039514511785,True,eun16cam5ZtTCofvGgBpsE,1392685764,35.68704746271963,139.76985275745392,Mapillary,827c098c-bd7a-4df9-95ff-0f6f75f3f0b0
1723630013559,205.41010676992607,109897801244586,1489624755093240,True,eun16cam5ZtTCofvGgBpsE,1392685764,35.68089069504944,139.77668702602386,Mapillary,b49672ee-03ad-4ebc-b370-d2713ca327aa
1723037213803,205.4541709761145,109897801244586,454944374044713,True,u5LHIPpl8bWEAVcw7F4JKR,1392685764,35.68068589701909,139.77655291557312,Mapillary,79525fef-13b6-4ff0-8328-ffbb3382af6d
1723630005752,110.19305211881738,109897801244586,1040495027171386,True,eun16cam5ZtTCofvGgBpsE,1392685764,35.68472511430353,139.77162301540375,Mapillary,55b613a1-7206-4993-9e55-aedb59c61d84
1722882878827,308.9916834380713,105158808392190,1785603775180058,False,bRpjkKiLlw12Zx3dXon9gC,1392685764,35.68091248204303,139.78672921657562,Mapillary,66b9933d-5eb0-45fe-87a8-e9c091cf9fb9
1723630011124,146.51552397550103,109897801244586,1021029442735465,True,eun16cam5ZtTCofvGgBpsE,1392685764,35.68418046370657,139.77809250354767,Mapillary,00ee00ef-309a-4ac2-854d-0852a025f746
1723630014961,207.23476386425529,109897801244586,3110715595730376,True,eun16cam5ZtTCofvGgBpsE,1392685764,35.67862481523723,139.77533519268036,Mapillary,80e4bc1b-559a-44a2-8175-669e610b0005
1723630016663,208.65166021741848,109897801244586,1130338478062035,True,eun16cam5ZtTCofvGgBpsE,1392685764,35.675949251235025,139.77373123168945,Mapillary,7c97051b-d35b-4357-b8fb-89c913b837d1
1723630003182,144.3502162328466,109897801244586,8138144649578213,True,eun16cam5ZtTCofvGgBpsE,1392685764,35.687496238952974,139.76946115493774,Mapillary,903e711f-2f92-457e-8c8d-242954791a95
1723630004450,158.32357241365003,109897801244586,836686654848356,True,eun16cam5ZtTCofvGgBpsE,1392685764,35.6861063315462,139.77054476737976,Mapillary,fe2f0005-71be-4c53-966a-cb9eba077bd7
1723630002415,129.9460092390603,109897801244586,1165663371365085,True,eun16cam5ZtTCofvGgBpsE,1392685764,35.688223861072956,139.76868331432343,Mapillary,24e52e43-1371-4e6c-a93b-de9f367b0b5d
1723630002115,128.21074292656328,109897801244586,488204477259891,True,eun16cam5ZtTCofvGgBpsE,1392685764,35.68843735372903,139.76834535598755,Mapillary,e4421603-8f71-40ef-b0d0-8c77cc721724
1723037211901,167.39147855029933,109897801244586,1572575899988707,True,u5LHIPpl8bWEAVcw7F4JKR,1392685764,35.68393210180001,139.77823734283447,Mapillary,f79ce60f-09ed-42ff-b99a-eaa55ee360e4
1723630009856,76.95366647469598,109897801244586,844477074449092,True,eun16cam5ZtTCofvGgBpsE,1392685764,35.6842893941234,139.77634370326996,Mapillary,ddb968ea-069d-4549-9305-e4aebf9dd1a2
1723630011791,206.13885835195885,109897801244586,1937657989997905,True,eun16cam5ZtTCofvGgBpsE,1392685764,35.68339616031476,139.77810859680176,Mapillary,4df5481b-ce19-44fa-8c6d-4ce2e2d37aa8
1723630012325,203.70432744065437,109897801244586,3385360785101409,True,eun16cam5ZtTCofvGgBpsE,1392685764,35.6827294963697,139.7777009010315,Mapillary,ead9ea6e-46ee-4b80-aafc-22e227c4c5d2
1722882946989,303.36210434863415,105158808392190,1030129182157303,False,bRpjkKiLlw12Zx3dXon9gC,1392685764,35.68423710754189,139.77846801280975,Mapillary,03930de5-d539-47ff-a49e-53da0e30355b
1723037206629,160.80701260704268,109897801244586,1019335643312591,True,u5LHIPpl8bWEAVcw7F4JKR,1392685764,35.68540047587993,139.770770072937,Mapillary,97c2437f-0c82-43c2-b60a-e515f76b1d2e
1722882944932,304.56259027102135,105158808392190,1071274120505979,False,bRpjkKiLlw12Zx3dXon9gC,1392685764,35.68407589036646,139.77875232696533,Mapillary,a3606c0f-d3ec-4bc2-9c93-519c6933b0dc
1722882981878,282.5090255637566,105158808392190,1238397914195558,False,rzG47q8KnovQHpMZ2DE0gT,1392685764,35.68414560594174,139.77315723896027,Mapillary,f5e70aab-b132-44cd-91d2-99935640c73d
1723630011758,205.33583817441558,109897801244586,527027033245502,True,eun16cam5ZtTCofvGgBpsE,1392685764,35.68343537566744,139.77813005447388,Mapillary,015d178b-a1af-4654-97e8-a75cad81f3c5
1722882856836,296.56212860748406,105158808392190,798008172525208,False,bRpjkKiLlw12Zx3dXon9gC,1392685764,35.67888626619161,139.78901982307434,Mapillary,cc7188db-44de-443b-bf3b-4fe5f5107da1
1723630013760,204.56070281740216,109897801244586,519527003910702,True,eun16cam5ZtTCofvGgBpsE,1392685764,35.68057696168239,139.77650463581085,Mapillary,08becc85-fc4c-4573-b293-5f8cfb48785f
1723037207397,129.79318804924503,109897801244586,790484366584815,True,u5LHIPpl8bWEAVcw7F4JKR,1392685764,35.684855829893536,139.7711992263794,Mapillary,9135bada-1e53-455a-8849-fdca7d0f16b1
1723037203726,147.98076193792645,109897801244586,1148527276446909,True,u5LHIPpl8bWEAVcw7F4JKR,1392685764,35.6867642531177,139.7700136899948,Mapillary,9c9c9aba-76e9-41fc-b6ea-4e171ba01f1d
1723630012091,206.50321372660648,109897801244586,1177521340168747,True,eun16cam5ZtTCofvGgBpsE,1392685764,35.68303450670906,139.77787792682648,Mapillary,8e94b92e-573c-45dd-b6e0-f69b41bc2f78
1723037209299,102.61748219839217,109897801244586,3634001030183795,True,u5LHIPpl8bWEAVcw7F4JKR,1392685764,35.68436782393145,139.77315723896027,Mapillary,5141c711-a73e-4df2-bd1d-86661adfdb14
1723630010056,77.26095756501496,109897801244586,514978130933337,True,eun16cam5ZtTCofvGgBpsE,1392685764,35.68435039509188,139.7766548395157,Mapillary,864e334c-fff0-47e8-8cba-78114c9bf443
1723037211100,78.08487473635279,109897801244586,465647806387388,True,u5LHIPpl8bWEAVcw7F4JKR,1392685764,35.68436782393145,139.77684259414673,Mapillary,e395e259-7a1e-4e8b-8149-f97fc8ee81e7
1723037215705,205.94320995793774,109897801244586,3797960253809683,True,u5LHIPpl8bWEAVcw7F4JKR,1392685764,35.67702123064474,139.77432668209076,Mapillary,45e4fa07-f2df-4479-9a48-ff4abc859609
1723630003449,144.5202831275967,109897801244586,858124302475364,True,eun16cam5ZtTCofvGgBpsE,1392685764,35.687213030944264,139.76970791816711,Mapillary,ec112f7d-9817-4515-81dd-8550a8937747
1723630011624,198.98032844546097,109897801244586,964865228662298,True,eun16cam5ZtTCofvGgBpsE,1392685764,35.68359659413717,139.7782051563263,Mapillary,eef140ad-8e61-480e-96ef-6598b19d8893
1723037201291,143.38734984387145,109897801244586,1046938604104190,True,u5LHIPpl8bWEAVcw7F4JKR,1392685764,35.68761387890717,139.76926803588867,Mapillary,1567708f-bd62-4e5f-88dd-d4f6a19e6527
1723630011724,204.1873464595095,109897801244586,472775432186538,True,eun16cam5ZtTCofvGgBpsE,1392685764,35.68347459100086,139.778151512146,Mapillary,c0198a7c-d5dc-40d0-94c7-42816681b2e7
1723630010857,115.92939551791028,109897801244586,1204377120900860,True,eun16cam5ZtTCofvGgBpsE,1392685764,35.68438089555863,139.77778673171997,Mapillary,97b7d241-9fa5-44b2-8102-cc2cb3c5be93
1723037211467,102.33352123889136,109897801244586,2245106292520532,True,u5LHIPpl8bWEAVcw7F4JKR,1392685764,35.684420110427325,139.77762043476105,Mapillary,14ce08bc-ee71-4e5b-b2f8-c78f5d1d1fb8
1723037211134,78.16816260813522,109897801244586,1572937143309199,True,u5LHIPpl8bWEAVcw7F4JKR,1392685764,35.68438089555863,139.77691769599915,Mapillary,ca168cae-adf0-431a-9deb-ef9d9de1f1c7
1722882886803,258.9639664527102,105158808392190,382509291214831,False,bRpjkKiLlw12Zx3dXon9gC,1392685764,35.68108677777744,139.78564023971558,Mapillary,ba452ad7-907b-4cac-b54c-6beca4e7f4fe
1723037216472,210.1323070825155,109897801244586,979275013886394,True,u5LHIPpl8bWEAVcw7F4JKR,1392685764,35.67563114075354,139.77348446846008,Mapillary,d6d5cb3f-69a0-47d8-8e8e-93b3bb1d8138
1723630009022,91.85240161330398,109897801244586,1437921800256520,True,eun16cam5ZtTCofvGgBpsE,1392685764,35.684084604816704,139.77492213249207,Mapillary,26484aad-a335-4af2-a682-eff0d9fb39a2
1723630012225,205.80735006151554,109897801244586,1323380645289876,True,eun16cam5ZtTCofvGgBpsE,1392685764,35.682864572520984,139.7777760028839,Mapillary,bc093901-8f14-4ef6-8731-ea76a1891800
1723630009289,78.69477159787704,109897801244586,429340156120917,True,eun16cam5ZtTCofvGgBpsE,1392685764,35.684119462608166,139.77538347244263,Mapillary,9df13513-1ead-4339-81b8-b3bb3fca50e1
1723630010723,103.12759653325497,109897801244586,3248940495239805,True,eun16cam5ZtTCofvGgBpsE,1392685764,35.684428824839955,139.777609705925,Mapillary,12031c44-ec1e-40e8-b014-ac3508c5cb43
1723630011090,142.55399763069465,109897801244586,871582648166204,True,eun16cam5ZtTCofvGgBpsE,1392685764,35.684210964238275,139.7780603170395,Mapillary,16903373-9f59-46e0-b835-840b5e1c1ab8
1723630008154,102.89335798372929,109897801244586,7922925424496113,True,eun16cam5ZtTCofvGgBpsE,1392685764,35.68430682297631,139.77364003658295,Mapillary,217dcf9b-aac7-464d-8107-e53a23ff5769
1723037212869,200.32604119217464,109897801244586,1164512808162183,True,u5LHIPpl8bWEAVcw7F4JKR,1392685764,35.68233733850582,139.77750778198242,Mapillary,b41bd751-ef84-4fce-8c45-3dba3b2bcd7a
1723630016029,206.34820417760864,109897801244586,3648815685368613,True,eun16cam5ZtTCofvGgBpsE,1392685764,35.676921005537764,139.77435886859894,Mapillary,1e9de134-3b6c-4f80-850e-852bb712c5c7
1722882996748,316.66967895862285,105158808392190,1534611050740264,False,rzG47q8KnovQHpMZ2DE0gT,1392685764,35.684733828682866,139.77105975151062,Mapillary,425d8f47-ed72-40c4-90f4-163379bf7032
1723037202058,144.4660194966553,109897801244586,1734372307298406,True,u5LHIPpl8bWEAVcw7F4JKR,1392685764,35.68718688861587,139.76963818073273,Mapillary,306cb266-c483-4a7d-a7db-49d528733c5e
1723630013459,205.50213167561046,109897801244586,1081971633352584,True,eun16cam5ZtTCofvGgBpsE,1392685764,35.68103884648842,139.77677822113037,Mapillary,ed6a6d6b-70be-438c-9f85-dae807570af6
1723630016596,208.03004521160307,109897801244586,838618105117257,True,eun16cam5ZtTCofvGgBpsE,1392685764,35.67604947756239,139.7737956047058,Mapillary,2209b7f2-660c-40f9-8688-036ce92f54f5
1723037208798,102.5911144568575,109897801244586,1228804261905907,True,u5LHIPpl8bWEAVcw7F4JKR,1392685764,35.684468039685086,139.77259933948517,Mapillary,2610fb86-eea3-40aa-ae4d-3e60da6c72a7
1723630012358,203.50550665878418,109897801244586,7893027120744753,True,eun16cam5ZtTCofvGgBpsE,1392685764,35.68268592336892,139.77767407894135,Mapillary,f02e46cb-a978-4cb4-9fdf-6917f7744b82
1723630007487,104.59210254914251,109897801244586,491486517160090,True,eun16cam5ZtTCofvGgBpsE,1392685764,35.684441896457145,139.77303385734558,Mapillary,7d9741e8-61a9-4fd7-b00f-30924d0e3c6b
1723630007687,107.47600356065612,109897801244586,1029036192222128,True,eun16cam5ZtTCofvGgBpsE,1392685764,35.684411396013715,139.77318406105042,Mapillary,b8692c1e-2a3f-42f9-a0d3-19b016812d1d
1723037210033,103.25909005648157,109897801244586,374232372363774,True,u5LHIPpl8bWEAVcw7F4JKR,1392685764,35.68413253427603,139.774369597435,Mapillary,a7d32f72-4980-4e66-9029-a02b5828f0da
1723037207030,147.83243173867822,109897801244586,464815229861821,True,u5LHIPpl8bWEAVcw7F4JKR,1392685764,35.68510418892451,139.77093636989594,Mapillary,b55ce2c6-7e7b-4ef2-abca-637de511ff95
1723630011557,191.9951846840767,109897801244586,345703081829631,True,eun16cam5ZtTCofvGgBpsE,1392685764,35.68366631013129,139.7782266139984,Mapillary,5e547a39-60f6-4c00-8463-925f14b9dd63
1723630008087,104.04323083440329,109897801244586,858337565815392,True,eun16cam5ZtTCofvGgBpsE,1392685764,35.684319894613466,139.77356493473053,Mapillary,8b97c52d-7494-49e7-b3cd-c4f06a9facb2
1722883003822,339.13895512466047,105158808392190,618081644134997,False,rzG47q8KnovQHpMZ2DE0gT,1392685764,35.68553119036338,139.7706252336502,Mapillary,ac9ebc38-0b8a-4445-b7e1-d8b587ef22d9
1723630003016,143.36041232722,109897801244586,806520328315945,True,eun16cam5ZtTCofvGgBpsE,1392685764,35.68766616327558,139.7693109512329,Mapillary,bdc9633e-33d0-405e-a679-c3d9d1c6e7f9
1723037216172,205.01007991286173,109897801244586,781033740644512,True,u5LHIPpl8bWEAVcw7F4JKR,1392685764,35.67619328033399,139.77383315563202,Mapillary,b41ba16e-9b1c-45be-a9d4-02c8cec9f16a
1723037201791,145.52441364971298,109897801244586,1198347728250243,True,u5LHIPpl8bWEAVcw7F4JKR,1392685764,35.68727838672784,139.7695630788803,Mapillary,83fbaf60-6f7b-4c24-b745-136017debf50
1723630002916,141.89331855427963,109897801244586,1302731607368135,True,eun16cam5ZtTCofvGgBpsE,1392685764,35.68777508893301,139.76920902729034,Mapillary,05098e2c-69f7-467b-83a4-dae0bac7987b
1723037208932,102.13192323715282,109897801244586,476461068340812,True,u5LHIPpl8bWEAVcw7F4JKR,1392685764,35.68443753925165,139.77276027202606,Mapillary,5a4ca7b4-0d48-4442-93be-cffc775709dd
1722882909827,292.34048839249954,105158808392190,483683857601402,False,bRpjkKiLlw12Zx3dXon9gC,1392685764,35.68005842744094,139.78204607963562,Mapillary,716fa69e-1c1d-4a67-8d3e-9d43e1b2c02b
1722882964909,259.14408524252786,105158808392190,3678021602435759,False,bRpjkKiLlw12Zx3dXon9gC,1392685764,35.6840628186893,139.7757375240326,Mapillary,4ad2a4aa-42b5-4eb8-8ee8-140343ceefd1
1723037208831,103.24456841138732,109897801244586,499682109138915,True,u5LHIPpl8bWEAVcw7F4JKR,1392685764,35.68445932527672,139.7726422548294,Mapillary,6b34cb56-679a-4a4c-9e45-bba5447d178d
1723037207764,113.8851818122107,109897801244586,466086509654961,True,u5LHIPpl8bWEAVcw7F4JKR,1392685764,35.68469897115985,139.7715049982071,Mapillary,8bb54d20-2739-4e33-b507-4af0f46ce5aa
1723037209399,101.7175096800969,109897801244586,1559348881595494,True,u5LHIPpl8bWEAVcw7F4JKR,1392685764,35.68434168067067,139.773291349411,Mapillary,29397007-37a8-4ed1-a5e7-cdb280633779
1723037212902,200.67802551755977,109897801244586,413346451721288,True,u5LHIPpl8bWEAVcw7F4JKR,1392685764,35.682280693321715,139.77748095989227,Mapillary,fcf47347-f402-4770-8879-3e036cfde089
1723630014560,206.6534546890209,109897801244586,1236403937721278,True,eun16cam5ZtTCofvGgBpsE,1392685764,35.679265368553885,139.77573215961456,Mapillary,ebd7ded4-7531-4665-bab5-9162483791bc
1723630017063,207.95213615000173,109897801244586,357659050728068,True,eun16cam5ZtTCofvGgBpsE,1392685764,35.67533045981766,139.7733449935913,Mapillary,ef5c7011-8e6a-44bb-9d36-e0e7a729a3e2
1722882891959,244.64161400929274,105158808392190,8295213287167510,False,bRpjkKiLlw12Zx3dXon9gC,1392685764,35.680838406240596,139.78496432304382,Mapillary,193e8116-9a84-43fa-afd7-1fb097b602b9
1723037200924,138.03102506389757,109897801244586,1699963957471065,True,u5LHIPpl8bWEAVcw7F4JKR,1392685764,35.68789708549278,139.76898908615112,Mapillary,292b719b-ae39-4aba-87ea-b8c334ca4a95
1723630015929,207.91625069096153,109897801244586,490986683541918,True,eun16cam5ZtTCofvGgBpsE,1392685764,35.67707787956253,139.7744607925415,Mapillary,b891d005-690a-4dee-829c-bba2e3f29791
1722882938759,329.99129143903104,105158808392190,521430650285435,False,bRpjkKiLlw12Zx3dXon9gC,1392685764,35.683513806315034,139.7795730829239,Mapillary,e68af223-96bd-4f1d-bc8d-9db98ffd3e00
1722883000805,337.90758090157556,105158808392190,795565426116819,False,rzG47q8KnovQHpMZ2DE0gT,1392685764,35.685156474937784,139.77078080177307,Mapillary,adf4b428-92d1-4ed9-9e24-cb37edd0d43e
1723037210700,76.53721365091127,109897801244586,337540822762737,True,u5LHIPpl8bWEAVcw7F4JKR,1392685764,35.68419353536443,139.77590918540955,Mapillary,1c924934-3945-47a7-9d59-10ef6495a062
1723037215171,228.30367971820206,109897801244586,847670583975586,True,u5LHIPpl8bWEAVcw7F4JKR,1392685764,35.677958111426264,139.77490603923798,Mapillary,14bf352b-58c4-497d-a2f3-c7d21cfa6ef4
1723037209565,101.7785478495361,109897801244586,1861294861035700,True,u5LHIPpl8bWEAVcw7F4JKR,1392685764,35.68430246576344,139.77353274822235,Mapillary,4582027a-5a69-4f73-b10d-9eed9e396f9f
1723630013092,204.37285784878503,109897801244586,1019165229668892,True,eun16cam5ZtTCofvGgBpsE,1392685764,35.681618377415916,139.77711081504822,Mapillary,2125fbe2-78b9-4b1d-ad4e-c064e5d225b1
1723630006753,102.0168695665505,109897801244586,1237904657402166,True,eun16cam5ZtTCofvGgBpsE,1392685764,35.68454646931751,139.77246522903442,Mapillary,e07f60c9-5945-418c-b22b-b1df3b7efb2e
1723037201157,142.84338584355748,109897801244586,525257100166499,True,u5LHIPpl8bWEAVcw7F4JKR,1392685764,35.68771409058317,139.76917684078217,Mapillary,d3dfc53b-6f17-4453-be7b-6f09ee998b97
1723630003149,144.3502162328466,109897801244586,1246406446521375,True,eun16cam5ZtTCofvGgBpsE,1392685764,35.687531095253775,139.7694343328476,Mapillary,2c524892-ae74-4819-8294-260cf63a91be
1723037216539,210.29002794804836,109897801244586,2035797630206981,True,u5LHIPpl8bWEAVcw7F4JKR,1392685764,35.67550912543787,139.7733986377716,Mapillary,2e5c1246-c281-4df3-824e-c05403e27dfc
1723037216339,207.74419506665916,109897801244586,1193872088318677,True,u5LHIPpl8bWEAVcw7F4JKR,1392685764,35.67587952849827,139.77364003658295,Mapillary,543471cc-9a59-43ec-b8cc-20f2dfb37846
1723630009455,77.2866367747423,109897801244586,481705481156741,True,eun16cam5ZtTCofvGgBpsE,1392685764,35.68416739204653,139.77567851543427,Mapillary,c04c8ea0-8770-435a-8324-ec045e02ec9a
1722883025769,307.3229123624726,105158808392190,987103489630850,False,rzG47q8KnovQHpMZ2DE0gT,1392685764,35.68799293980172,139.76866722106934,Mapillary,e81ddb2e-cf4c-4cf3-b91f-1f90450c7ab8
1722883028786,299.7998112690815,105158808392190,417505661326849,False,rzG47q8KnovQHpMZ2DE0gT,1392685764,35.68819336207544,139.76825952529907,Mapillary,753c3fc0-7dce-4a00-ab2f-7e2b34ccc7ec
1723037201591,145.5314906108515,109897801244586,1044573510514153,True,u5LHIPpl8bWEAVcw7F4JKR,1392685764,35.68741345517749,139.76944506168365,Mapillary,2c567680-8462-45d0-8657-ec6f6edf326c
1723037210366,85.55958824034553,109897801244586,1040366930976191,True,u5LHIPpl8bWEAVcw7F4JKR,1392685764,35.684071533140965,139.7751098871231,Mapillary,31d2c9ba-c1ed-4d76-88ad-72b35f21501d
1723037200490,129.63606708136695,109897801244586,514447357725747,True,u5LHIPpl8bWEAVcw7F4JKR,1392685764,35.68825000306154,139.76852774620056,Mapillary,6741c9aa-fc3b-44e3-bfe0-ac6440468700
1723630014527,201.8837380484289,109897801244586,1675918082812233,True,eun16cam5ZtTCofvGgBpsE,1392685764,35.67932201587864,139.7757589817047,Mapillary,fce67d50-3b9e-4614-afb7-403e4f8a6127
1723037215872,206.35002688564018,109897801244586,871410861508697,True,u5LHIPpl8bWEAVcw7F4JKR,1392685764,35.676729270199814,139.77414965629578,Mapillary,152dce14-fd76-4ea8-b0f1-f03060008bc0
1723037202292,143.7452102049362,109897801244586,947792890452433,True,u5LHIPpl8bWEAVcw7F4JKR,1392685764,35.68713460393333,139.76968109607697,Mapillary,b2a4c535-7f9e-4ba1-b5bf-f41802ecba22
1723037211367,92.1837979613423,109897801244586,1545962296033011,True,u5LHIPpl8bWEAVcw7F4JKR,1392685764,35.684433182045936,139.77742195129395,Mapillary,baea5d40-47a9-488e-a286-b5a9123f03b1
1722882995805,310.94329265130744,105158808392190,477259114920425,False,rzG47q8KnovQHpMZ2DE0gT,1392685764,35.68464668484674,139.7711616754532,Mapillary,1376478a-4106-4a5e-bb08-8f01bc47d969
1723037212435,208.52847052046258,109897801244586,800045305624622,True,u5LHIPpl8bWEAVcw7F4JKR,1392685764,35.68303886399116,139.77790474891663,Mapillary,c1039b2d-221d-40d6-ab90-11d5ab9fc4b2
1722882998761,328.5737439937421,105158808392190,1045054470384897,False,rzG47q8KnovQHpMZ2DE0gT,1392685764,35.68492990196617,139.77090418338776,Mapillary,95c3a8a5-4549-4158-9dcc-aa58ee124b4b
1723037205461,156.14702887053136,109897801244586,1041684464136459,True,u5LHIPpl8bWEAVcw7F4JKR,1392685764,35.686237044873124,139.77039992809296,Mapillary,c4b0c8cf-dc0c-490e-99a7-cdc7665984dc
1723037206896,154.05128371933301,109897801244586,1689556635211504,True,u5LHIPpl8bWEAVcw7F4JKR,1392685764,35.68519568942526,139.77087199687958,Mapillary,164f2299-67e1-46bd-8dfa-6df8393172b0
1723037200790,135.24594817007676,109897801244586,869029745283914,True,u5LHIPpl8bWEAVcw7F4JKR,1392685764,35.68801472485585,139.76884961128235,Mapillary,7bb82bb3-149b-4bdd-9620-6da0a353c6cc
1723630008588,104.1573983124041,109897801244586,1641929179998534,True,eun16cam5ZtTCofvGgBpsE,1392685764,35.68419353536443,139.77421402931213,Mapillary,8819fc69-a4f2-4456-aa53-a9da6d7df781
1722883012767,326.51282220271855,105158808392190,503737598912044,False,rzG47q8KnovQHpMZ2DE0gT,1392685764,35.68668582566555,139.76998150348663,Mapillary,a8f08f60-ee5f-4402-9bda-5fe47ec67233
1723630013259,206.0645057247899,109897801244586,1645609326279836,True,eun16cam5ZtTCofvGgBpsE,1392685764,35.68135693541336,139.77696061134338,Mapillary,0938029b-9fc9-4bb3-915d-198bef7f703c
1723630005785,109.28714326507202,109897801244586,1966706083761000,True,eun16cam5ZtTCofvGgBpsE,1392685764,35.684712042732755,139.77166056632996,Mapillary,980de465-39a7-4510-ada7-9aeca58e8a3a
1723037214470,207.30681205111378,109897801244586,3852144908444947,True,u5LHIPpl8bWEAVcw7F4JKR,1392685764,35.679313300908206,139.7757589817047,Mapillary,bb129951-4991-45c3-aa7f-9258983b1176
1723630015328,200.64251478408397,109897801244586,472006608973898,True,eun16cam5ZtTCofvGgBpsE,1392685764,35.67804526256771,139.77498650550842,Mapillary,615dd0fd-8b0d-453e-937c-4db52e57ee05
1723630014394,206.05180561678515,109897801244586,1045964396897727,True,eun16cam5ZtTCofvGgBpsE,1392685764,35.679544247302786,139.77590918540955,Mapillary,a2b29e0a-e55a-4355-954c-f6221c009df2
1723630004918,159.9332901586995,109897801244586,1030278992155171,True,eun16cam5ZtTCofvGgBpsE,1392685764,35.6855006903364,139.7708022594452,Mapillary,6b6dd800-1e0f-4a16-97fe-0873afc34e81
1723630007820,107.44051357800163,109897801244586,2873595159445187,True,eun16cam5ZtTCofvGgBpsE,1392685764,35.68438089555863,139.773291349411,Mapillary,b8125c69-275f-4ac5-ac13-e7a3b2f2d0ce
1723630015662,205.98404866251278,109897801244586,2315254678811154,True,eun16cam5ZtTCofvGgBpsE,1392685764,35.67748313603256,139.77468609809875,Mapillary,4fab38e8-72ce-471e-84bd-09cc309a0dde
1723037214938,206.96602445308463,109897801244586,1246689786700876,True,u5LHIPpl8bWEAVcw7F4JKR,1392685764,35.67835900588878,139.77517426013947,Mapillary,7917b79c-9116-42a4-9526-b07a78ce31d1
1723037208431,103.54335747622787,109897801244586,844375277360125,True,u5LHIPpl8bWEAVcw7F4JKR,1392685764,35.684550826517054,139.77212727069855,Mapillary,d58dc4df-e656-4179-aff8-38585d620528
1723630007921,106.7092201667619,109897801244586,1134634097636436,True,eun16cam5ZtTCofvGgBpsE,1392685764,35.684359109512144,139.77338790893555,Mapillary,9c5028cd-324f-4057-9e4e-907472511e8b
1723630005818,107.6312504373517,109897801244586,1173117320585977,True,eun16cam5ZtTCofvGgBpsE,1392685764,35.68470332835106,139.77169811725616,Mapillary,3e955fba-d487-4c20-9043-527d052c9383
1723630012458,201.8625187950794,109897801244586,522000790361341,True,eun16cam5ZtTCofvGgBpsE,1392685764,35.68255084691518,139.77760434150696,Mapillary,a56bc31d-6c86-47ce-8781-b8b24a3652c0
1723630005451,130.51512622228427,109897801244586,1348224932568187,True,eun16cam5ZtTCofvGgBpsE,1392685764,35.68491247324937,139.7712367773056,Mapillary,51a6f789-6b73-441f-a172-9a5890ce362e
1723630010123,77.75043246400452,109897801244586,1041896574205752,True,eun16cam5ZtTCofvGgBpsE,1392685764,35.68436782393145,139.77675676345825,Mapillary,bd8708f5-9647-495d-a7b6-c155d114e142
1723037201624,145.4067401343267,109897801244586,542737064744104,True,u5LHIPpl8bWEAVcw7F4JKR,1392685764,35.68739166995914,139.76946651935577,Mapillary,1b4805d2-fda6-4992-8f33-466c77137b9d
1723630009689,77.03939877323637,109897801244586,1201080964349595,True,eun16cam5ZtTCofvGgBpsE,1392685764,35.684241464758315,139.77607548236847,Mapillary,ac6aa6e4-0b60-4292-b211-affb2ca387b9
1723630015295,203.14015107861718,109897801244586,8518229401542749,True,eun16cam5ZtTCofvGgBpsE,1392685764,35.67809755320688,139.77501332759857,Mapillary,bf74b3cf-d192-4c1a-87f8-b31b5d0ec3e8
1723630016629,208.7726869312311,109897801244586,462478106765779,True,eun16cam5ZtTCofvGgBpsE,1392685764,35.67600154324762,139.77376341819763,Mapillary,82dc78a7-4a81-4852-935b-1ec683bed5d0
1723630005351,137.32399300081465,109897801244586,1983404765413124,True,eun16cam5ZtTCofvGgBpsE,1392685764,35.685008331144545,139.77111876010895,Mapillary,b59e066d-6faf-4168-9879-3a813102d8ef
1723630008354,103.83283028054689,109897801244586,530200896332522,True,eun16cam5ZtTCofvGgBpsE,1392685764,35.68425889362169,139.77388679981232,Mapillary,0d3ac671-68bd-4b49-8415-b8656d5f9e3e
1722882955827,261.1648914875652,105158808392190,2002691933500061,False,bRpjkKiLlw12Zx3dXon9gC,1392685764,35.68431118018894,139.77713227272034,Mapillary,71d89522-f061-4df1-82de-d84f0c804e4d
1722882867866,322.3845265550884,105158808392190,791711166379181,False,bRpjkKiLlw12Zx3dXon9gC,1392685764,35.67980569524471,139.78767335414886,Mapillary,2a1757b4-f700-44cb-ba7e-cc2091b0d965
1722883002761,339.13895512466047,105158808392190,478422431571998,False,rzG47q8KnovQHpMZ2DE0gT,1392685764,35.685404833032834,139.77068424224854,Mapillary,1e8ecb63-5c8d-4cad-be1f-e587be3b18f4
1723037208631,102.51735319183865,109897801244586,932785121641065,True,u5LHIPpl8bWEAVcw7F4JKR,1392685764,35.68450725451095,139.772390127182,Mapillary,af46cd26-ab4f-4e5e-a1fa-0f156c6653d4
1723037209098,102.65874745561484,109897801244586,446365918173934,True,u5LHIPpl8bWEAVcw7F4JKR,1392685764,35.68440703880657,139.77293193340302,Mapillary,7196483d-a291-4be0-b002-7a940b3dc81f
1723630015628,207.1277083208962,109897801244586,1052962973032619,True,eun16cam5ZtTCofvGgBpsE,1392685764,35.677539784622496,139.77472364902496,Mapillary,fb9cd6d9-b91b-4384-81ca-1508c83466d8
1723630010223,77.17738299699641,109897801244586,1673956703402917,True,eun16cam5ZtTCofvGgBpsE,1392685764,35.68439396718367,139.77690160274506,Mapillary,e614f388-04de-43f7-b294-ab70609a2639
1723630015495,201.89640888312675,109897801244586,545175997832709,True,eun16cam5ZtTCofvGgBpsE,1392685764,35.677735875584816,139.77486312389374,Mapillary,57525ad8-13db-43cd-9281-b77a1c7e72fb
1723037209465,101.4151039813367,109897801244586,1280203590011789,True,u5LHIPpl8bWEAVcw7F4JKR,1392685764,35.68432860903707,139.77338254451752,Mapillary,dae1bbe5-8ad1-44e1-a4b9-b6d740dc3bd8
1723630002849,141.1977349535104,109897801244586,1289396722023542,True,eun16cam5ZtTCofvGgBpsE,1392685764,35.68783608723622,139.76915001869202,Mapillary,ff767adf-9f34-4c96-bc7e-8d579ac5e68f
1722882905696,261.045558910786,105158808392190,1398793887457512,False,bRpjkKiLlw12Zx3dXon9gC,1392685764,35.679962563598664,139.78273272514343,Mapillary,c8a1fe66-bb60-40fa-ac04-a4a04e46fcd6
1722882864859,317.1751664758731,105158808392190,1014966656679386,False,bRpjkKiLlw12Zx3dXon9gC,1392685764,35.679487600135815,139.78796303272247,Mapillary,9bf92914-37b1-497f-955f-8b50c919ec4b
1722882882801,283.1847402367738,105158808392190,500642745704658,False,bRpjkKiLlw12Zx3dXon9gC,1392685764,35.68110420732994,139.78620886802673,Mapillary,43eca528-2b5a-402e-95aa-14f30ccd0462
1723037215905,205.44653790139407,109897801244586,3609966405981339,True,u5LHIPpl8bWEAVcw7F4JKR,1392685764,35.67667262103454,139.7741174697876,Mapillary,ee3723f3-0a6d-40d4-a84e-6cef1ebbec59
1722882914967,313.7048031958866,105158808392190,1079569596929497,False,bRpjkKiLlw12Zx3dXon9gC,1392685764,35.6805159578289,139.7813755273819,Mapillary,ad163bab-0bcc-4f7a-a02e-fe32bc97b685
1723630001881,127.11181037937342,109897801244586,543655647988047,True,eun16cam5ZtTCofvGgBpsE,1392685764,35.688598562090704,139.76809322834015,Mapillary,3b77a511-4544-4ada-8c0b-3dbfcaba1a78
1723630002348,128.35385364729365,109897801244586,1997168604035877,True,eun16cam5ZtTCofvGgBpsE,1392685764,35.68827178804547,139.768608212471,Mapillary,aba28b6b-f693-4d77-bcd6-d72698150266
1722882911810,306.8974060554134,105158808392190,962075832383998,False,bRpjkKiLlw12Zx3dXon9gC,1392685764,35.68021093786177,139.78174567222595,Mapillary,d6d4b355-6aeb-457c-a71d-17ea382898c5
1723630016262,209.2385439848061,109897801244586,516845854174664,True,eun16cam5ZtTCofvGgBpsE,1392685764,35.67655496494737,139.77412819862366,Mapillary,06748822-99d8-4da5-b5fc-c93511ba390e
1723630014160,204.95817950868675,109897801244586,3740201776203295,True,eun16cam5ZtTCofvGgBpsE,1392685764,35.6799320614429,139.7761344909668,Mapillary,167e9b99-3609-4893-94d6-c8231cf15a1b
1723037200857,136.4619166856976,109897801244586,2420669081436702,True,u5LHIPpl8bWEAVcw7F4JKR,1392685764,35.68795372668923,139.76891934871674,Mapillary,3dba4c18-1e0c-4255-9357-81ff17988412
1723630010990,131.2421211716014,109897801244586,9133707636646276,True,eun16cam5ZtTCofvGgBpsE,1392685764,35.68429810855034,139.7779530286789,Mapillary,f9936e2d-1cb7-4185-af31-eee55d8f8a64
1723037213536,205.89120101589782,109897801244586,867913145202864,True,u5LHIPpl8bWEAVcw7F4JKR,1392685764,35.68120442718295,139.77686405181885,Mapillary,2d6d195b-d352-4d14-b094-443c12cad5e1
1723037213102,205.74057428550145,109897801244586,1900706510429339,True,u5LHIPpl8bWEAVcw7F4JKR,1392685764,35.68196260807943,139.77731466293335,Mapillary,a2d7c5be-bd1a-4b7f-ab4e-c6b60d514a1a
1723037200156,130.3653757185785,109897801244586,1020804256122355,True,u5LHIPpl8bWEAVcw7F4JKR,1392685764,35.68848092358864,139.76817905902863,Mapillary,54f8b49b-4376-4991-a2cd-224464ed0be5
1723037200456,129.26423152208554,109897801244586,386144344139124,True,u5LHIPpl8bWEAVcw7F4JKR,1392685764,35.688276145041556,139.76849019527435,Mapillary,ba4c74ce-0226-4fd2-8a1e-0d50521a7eea
1723630015228,206.95291873651095,109897801244586,1210702616645598,True,eun16cam5ZtTCofvGgBpsE,1392685764,35.6781977768362,139.7750723361969,Mapillary,b19f1ecb-fb18-49dc-b8ce-afe292e90df7
1723630002282,127.83164532811918,109897801244586,469236492646570,True,eun16cam5ZtTCofvGgBpsE,1392685764,35.68832407198268,139.76852774620056,Mapillary,44e4b611-a88f-4f02-9ea1-44c63b42e40a
1723037201357,144.0721983227026,109897801244586,504048821982107,True,u5LHIPpl8bWEAVcw7F4JKR,1392685764,35.68757030857398,139.7693109512329,Mapillary,01e3c719-6559-40e3-a62c-46fc9badef85
1723630013726,205.34636643045607,109897801244586,879350840710584,True,eun16cam5ZtTCofvGgBpsE,1392685764,35.680624893248876,139.776531457901,Mapillary,a44c438b-d81a-4a5b-a69f-ef5e1b8d6fe4
1723037209532,101.48485864746459,109897801244586,1023597699300411,True,u5LHIPpl8bWEAVcw7F4JKR,1392685764,35.68431118018894,139.77348446846008,Mapillary,a5e0fefb-8620-4104-ad44-4bb1c507d33e
1723630013860,204.9656121935631,109897801244586,892496612933041,True,eun16cam5ZtTCofvGgBpsE,1392685764,35.68041573711116,139.77641344070435,Mapillary,6c68680f-0dfd-4ffc-8441-2d4d08291470
1723037210733,75.7947997318247,109897801244586,324899000608185,True,u5LHIPpl8bWEAVcw7F4JKR,1392685764,35.68420660702017,139.77598428726196,Mapillary,4c9703d2-e2c7-4159-b4ea-85a5a8c24920
1723037205328,153.8942679353513,109897801244586,1497980927751303,True,u5LHIPpl8bWEAVcw7F4JKR,1392685764,35.68628933014392,139.77036774158478,Mapillary,906ec766-13ae-4627-acde-804dcea4562d
1723037203826,146.81554291025623,109897801244586,1038150508267771,True,u5LHIPpl8bWEAVcw7F4JKR,1392685764,35.68673375356212,139.77003514766693,Mapillary,19595c37-06e6-4dcd-b3fb-b0b241c26946
1723630008121,103.04171668517034,109897801244586,1537302860205957,True,eun16cam5ZtTCofvGgBpsE,1392685764,35.68431118018894,139.77360248565674,Mapillary,5fe5b120-b8d5-4b19-9ff4-fdc9db7077f6
1723630005551,122.69903962976491,109897801244586,420203630474886,True,eun16cam5ZtTCofvGgBpsE,1392685764,35.684838401160576,139.77135479450226,Mapillary,96bddbdf-41bb-432f-9f4f-8404b0c8dbe0
1723037214804,206.63219852676292,109897801244586,1910345716059002,True,u5LHIPpl8bWEAVcw7F4JKR,1392685764,35.67862917276014,139.7753405570984,Mapillary,67bfd1c1-3eb3-4eca-a83d-e34969057682
1723630014494,210.5838924397261,109897801244586,1243649433320888,True,eun16cam5ZtTCofvGgBpsE,1392685764,35.67937866316319,139.77580189704895,Mapillary,c790d0cb-b25f-45c9-b4d5-71eba055560d
1723037216739,209.4492012881192,109897801244586,2161576254227299,True,u5LHIPpl8bWEAVcw7F4JKR,1392685764,35.67516486693448,139.77317869663239,Mapillary,bb280722-7e38-4d86-9599-38c25c321225
1723037216005,204.63474867925717,109897801244586,815002344075277,True,u5LHIPpl8bWEAVcw7F4JKR,1392685764,35.676511388574795,139.7740262746811,Mapillary,2ea9b67c-fefe-4ea1-9d5e-65d366d9bbef
1722882901822,242.23633828440492,105158808392190,1906081789909504,False,bRpjkKiLlw12Zx3dXon9gC,1392685764,35.680158648607474,139.78340327739716,Mapillary,1b25f58e-5d63-4dd7-92c3-08334b822980
1723037207363,131.20827064553532,109897801244586,434935539546198,True,u5LHIPpl8bWEAVcw7F4JKR,1392685764,35.68487761580438,139.77117240428925,Mapillary,1c5c7251-85f4-4491-bfcd-4ae8c79f7529
1723037200723,133.39418371704744,109897801244586,509779881418661,True,u5LHIPpl8bWEAVcw7F4JKR,1392685764,35.68806700896151,139.76877987384796,Mapillary,7c145eb0-c283-464c-a48a-789ba72a93a7
1723630015028,207.01399271163535,109897801244586,1660139544769637,True,eun16cam5ZtTCofvGgBpsE,1392685764,35.67851151955763,139.77526545524597,Mapillary,8ecc3181-a840-415c-b0a6-91475edb1631
1723037201724,144.54419936688288,109897801244586,1425850191407807,True,u5LHIPpl8bWEAVcw7F4JKR,1392685764,35.687317600172264,139.7695255279541,Mapillary,c28d19b1-14bc-48d4-b0a4-7e780ba33208
1723630016829,208.3904224483175,109897801244586,1009799977281866,True,eun16cam5ZtTCofvGgBpsE,1392685764,35.675696506024465,139.77357029914856,Mapillary,e83e0d0c-c3c0-45f9-a853-51360a3ad3ba
1723630011658,201.0662557977556,109897801244586,1291829925557656,True,eun16cam5ZtTCofvGgBpsE,1392685764,35.68355302160991,139.7781890630722,Mapillary,09c0ebef-cded-4fbf-9614-c28fce58d2e9
1723630010089,77.30186084130702,109897801244586,480329141606392,True,eun16cam5ZtTCofvGgBpsE,1392685764,35.684359109512144,139.77670311927795,Mapillary,9bc17827-5c90-4fee-97ac-1051e9007aa6
1723630010356,80.37210510945766,109897801244586,917802963677689,True,eun16cam5ZtTCofvGgBpsE,1392685764,35.684428824839955,139.77709472179413,Mapillary,d66d8044-2a01-4d28-994c-6bc90253c547
1723630011057,138.99983849238845,109897801244586,850863693646112,True,eun16cam5ZtTCofvGgBpsE,1392685764,35.684241464758315,139.7780281305313,Mapillary,883fcf34-27d6-49d2-ad35-6eb245cecd18
1723630005251,145.65954670598126,109897801244586,860033318974933,True,eun16cam5ZtTCofvGgBpsE,1392685764,35.68510418892451,139.77102756500244,Mapillary,c3e70ebf-d659-4a3d-ae9f-62c09b4b427b
1723630012191,206.05921169613038,109897801244586,2872928156196485,True,eun16cam5ZtTCofvGgBpsE,1392685764,35.682903788134965,139.77780282497406,Mapillary,ab2bf9c6-8597-451d-bbc9-4f91038f3ebc
1723630010790,109.47961449349384,109897801244586,1236373157522365,True,eun16cam5ZtTCofvGgBpsE,1392685764,35.684411396013715,139.7777009010315,Mapillary,38f2053b-0a79-406b-beb7-c4adbe96fd57
1723630003650,144.72387001877928,109897801244586,1490128898291670,True,eun16cam5ZtTCofvGgBpsE,1392685764,35.6870126062075,139.7698849439621,Mapillary,fea7f0f6-6d0d-4655-8cab-c7bf19d6cb39
1723630014227,204.85908944173568,109897801244586,810021197969066,True,eun16cam5ZtTCofvGgBpsE,1392685764,35.679814410161356,139.7760647535324,Mapillary,3634833d-2bb3-4332-98a4-bc5906af162a
1723630013226,205.75296381135777,109897801244586,1507646849846404,True,eun16cam5ZtTCofvGgBpsE,1392685764,35.68140050913995,139.77698743343353,Mapillary,17941871-204a-45a6-87e8-790859e517c7
1723630015762,202.26516051430073,109897801244586,478069854997458,True,eun16cam5ZtTCofvGgBpsE,1392685764,35.677334977991876,139.77460026741028,Mapillary,9577f5df-7fe8-4307-ae80-c11d16e2ba1c
1723037211534,112.68958879048648,109897801244586,811947637690252,True,u5LHIPpl8bWEAVcw7F4JKR,1392685764,35.684385252767214,139.77775990962982,Mapillary,7801c76b-c243-4ef7-bcab-1bef11925107
1723037213369,206.37478774170737,109897801244586,1205472113804170,True,u5LHIPpl8bWEAVcw7F4JKR,1392685764,35.68150944335228,139.77704644203186,Mapillary,0f5772a2-33ab-40ad-ad83-5d9433087a6c
1722882870846,326.579120741516,105158808392190,509648818127113,False,bRpjkKiLlw12Zx3dXon9gC,1392685764,35.68013686140807,139.7874104976654,Mapillary,f6136134-325c-45f6-aa07-0209fdb38f3b
1723037206562,159.81154718525,109897801244586,496595132911831,True,u5LHIPpl8bWEAVcw7F4JKR,1392685764,35.68545711884906,139.7707486152649,Mapillary,7b71a628-7897-48fa-bd79-c650efd1e82c
1722883017789,325.3557069792781,105158808392190,4040492546237743,False,rzG47q8KnovQHpMZ2DE0gT,1392685764,35.6872566014726,139.76948261260986,Mapillary,0dc775ca-02a8-46e4-ae9d-719c722771ef
1723037216239,208.34085418907645,109897801244586,999558431654938,True,u5LHIPpl8bWEAVcw7F4JKR,1392685764,35.67606690821519,139.7737580537796,Mapillary,5b966984-6202-4567-a369-734f2656b6ca
1722883013782,326.51282220271855,105158808392190,1010399857016090,False,rzG47q8KnovQHpMZ2DE0gT,1392685764,35.68680346681484,139.76987957954407,Mapillary,796e975c-ab5e-4595-b8f9-6ea268fd7d4d
1723037207697,116.26556065187833,109897801244586,902518178364447,True,u5LHIPpl8bWEAVcw7F4JKR,1392685764,35.68471639992326,139.7714513540268,Mapillary,91f326cd-e80f-436d-98d1-b497ae642104
1723630008988,93.60309068928461,109897801244586,404932358828510,True,eun16cam5ZtTCofvGgBpsE,1392685764,35.68408896204146,139.77486312389374,Mapillary,73331c6a-be73-4aa0-a4a9-8148c01de9c0
1722882963801,259.14408524252786,105158808392190,482961728019821,False,bRpjkKiLlw12Zx3dXon9gC,1392685764,35.684084604816704,139.7758984565735,Mapillary,d5d97ac2-23e6-4588-8de4-b5e92ada6aa5
1723630009088,87.4343867300185,109897801244586,1553140338936213,True,eun16cam5ZtTCofvGgBpsE,1392685764,35.684084604816704,139.7750347852707,Mapillary,efd83470-aef1-4311-9a8d-257045f4eeb0
1722882868759,324.25676784581873,105158808392190,1216733326193314,False,bRpjkKiLlw12Zx3dXon9gC,1392685764,35.67991898908683,139.78758215904236,Mapillary,962b81be-92d5-4547-8569-c2b5bd05b317
1723037212635,205.20032514216288,109897801244586,394551866584640,True,u5LHIPpl8bWEAVcw7F4JKR,1392685764,35.6827294963697,139.77771162986755,Mapillary,75fb69bd-4cd8-426d-8120-28ac96ef570a
1722882960848,259.14408524252786,105158808392190,1664085021015046,False,bRpjkKiLlw12Zx3dXon9gC,1392685764,35.68417610648679,139.7763705253601,Mapillary,0ac8bb96-31a5-4d16-9f6b-2b1c94631dea
1723037207263,136.0407384265734,109897801244586,2147756335598068,True,u5LHIPpl8bWEAVcw7F4JKR,1392685764,35.68494297350125,139.77108657360077,Mapillary,bac28457-f9df-449c-8554-02d15fbd612f
1723037201324,143.7691240608076,109897801244586,793151572980426,True,u5LHIPpl8bWEAVcw7F4JKR,1392685764,35.68759209374356,139.7692894935608,Mapillary,72793881-0332-405a-8e21-b53709a85e3d
1722882874763,325.9828812032675,105158808392190,335504712968172,False,bRpjkKiLlw12Zx3dXon9gC,1392685764,35.680559532014726,139.78709399700165,Mapillary,f559c77a-f31d-4ecc-bee0-159158440c8f
1723037212535,206.75293782938894,109897801244586,468037709405068,True,u5LHIPpl8bWEAVcw7F4JKR,1392685764,35.68288635897558,139.7778081893921,Mapillary,31e01659-89ba-4e1f-9989-e04944bde3a0
1723630016763,206.32342617601117,109897801244586,1651051015762461,True,eun16cam5ZtTCofvGgBpsE,1392685764,35.675796732669255,139.7736293077469,Mapillary,d0879f6d-384c-4e13-bebd-d3e76bae6374
1723037210633,76.67985965929876,109897801244586,1195017758475755,True,u5LHIPpl8bWEAVcw7F4JKR,1392685764,35.68415867760534,139.77574288845062,Mapillary,eb66fffd-4c24-4c72-8424-0aa3c6603f9d
1723037205228,154.76177752364958,109897801244586,1609574022945131,True,u5LHIPpl8bWEAVcw7F4JKR,1392685764,35.68632418697207,139.77034628391266,Mapillary,472bece0-f730-4f4d-9a8c-08e7c32bf2a8
1723630004984,159.6724964865789,109897801244586,1464572684937335,True,eun16cam5ZtTCofvGgBpsE,1392685764,35.68542226164203,139.7708398103714,Mapillary,10ec97f7-2d74-4e37-a869-474acc90fb61
1722882893800,242.92558590786166,105158808392190,1117556396007449,False,bRpjkKiLlw12Zx3dXon9gC,1392685764,35.680712041477776,139.78468000888824,Mapillary,41b543c6-be10-4f7f-86d5-03548ea8b5d9
1723630015395,197.25995797198118,109897801244586,1207565003603049,True,eun16cam5ZtTCofvGgBpsE,1392685764,35.67792325094304,139.77493286132812,Mapillary,953c6ee4-8378-45c4-916c-ecf78d1b90af
1723630004851,160.72854807302474,109897801244586,1225092825313711,True,eun16cam5ZtTCofvGgBpsE,1392685764,35.68559219038235,139.77076470851898,Mapillary,d1948bb8-949a-4c40-b384-0b2b3666fac6
1722882985803,282.0419892573302,105158808392190,386610067777999,False,rzG47q8KnovQHpMZ2DE0gT,1392685764,35.68426325083695,139.77252960205078,Mapillary,68135f4b-f4c2-4975-8673-b4132e9fc46f
1723037216706,207.03311313972304,109897801244586,1003933614506838,True,u5LHIPpl8bWEAVcw7F4JKR,1392685764,35.67521715946101,139.77321088314056,Mapillary,e499ec90-e98c-40fe-b56c-9a97f7b1d927
1723037210533,78.75506173914664,109897801244586,1640718899806167,True,u5LHIPpl8bWEAVcw7F4JKR,1392685764,35.684119462608166,139.7755068540573,Mapillary,fc84b93d-7cc2-47b3-94f2-7372f49ab9d2
1723037203159,140.91592585123487,109897801244586,1830792027695273,True,u5LHIPpl8bWEAVcw7F4JKR,1392685764,35.686951607274594,139.7698473930359,Mapillary,554e677b-27f2-46fc-b8c9-424d5448f89e
1723630005418,132.59278794613442,109897801244586,973427721249529,True,eun16cam5ZtTCofvGgBpsE,1392685764,35.68494297350125,139.7711992263794,Mapillary,add525f0-6512-4253-b378-2ac2473e5301
1723630010189,76.86927995075251,109897801244586,1207896000262208,True,eun16cam5ZtTCofvGgBpsE,1392685764,35.684385252767214,139.7768533229828,Mapillary,2fa70b4f-5e15-489b-aef1-9f5132485f31
1723630002582,134.9291238728198,109897801244586,890811892860825,True,eun16cam5ZtTCofvGgBpsE,1392685764,35.688093151001524,139.76886570453644,Mapillary,22b1785f-3199-4444-88ee-409a3b33d4a4
1723630009822,77.40768843368977,109897801244586,1019148276658578,True,eun16cam5ZtTCofvGgBpsE,1392685764,35.68428067969555,139.7762954235077,Mapillary,44ee4c39-aa1a-4407-b26c-aac2a4f2058d
1723037200890,137.41692160792059,109897801244586,8165201933542157,True,u5LHIPpl8bWEAVcw7F4JKR,1392685764,35.68792758460357,139.76895689964294,Mapillary,977e2288-571e-4208-94b1-0f8560e91f37
1722882948964,291.06070099536487,105158808392190,2238138246528159,False,bRpjkKiLlw12Zx3dXon9gC,1392685764,35.68435475230213,139.77817296981812,Mapillary,120a9ecd-7207-4a4b-8e73-53d71eb103b3
1723630004717,161.98284148227333,109897801244586,492363166827271,True,eun16cam5ZtTCofvGgBpsE,1392685764,35.68576211876072,139.7706949710846,Mapillary,ab084712-6944-4cbc-82ff-b560bc45e44b
1723630015194,206.26622306765958,109897801244586,1036570831802980,True,eun16cam5ZtTCofvGgBpsE,1392685764,35.678250067375416,139.77510452270508,Mapillary,f6930e2a-73a3-4e88-a618-8603aa1fa9d5
1722882983764,282.0419892573302,105158808392190,858547975967057,False,rzG47q8KnovQHpMZ2DE0gT,1392685764,35.68420224980183,139.77284610271454,Mapillary,1dd745c4-c2c1-4b19-84d4-d6d3bf0d6b83
1723630012692,203.44800932161098,109897801244586,864112272446844,True,eun16cam5ZtTCofvGgBpsE,1392685764,35.682215333443935,139.77743804454803,Mapillary,29ff1ede-9916-41d1-a59c-47377b807e57
1722882935766,344.42060306986866,105158808392190,2170647949977729,False,bRpjkKiLlw12Zx3dXon9gC,1392685764,35.68311293775071,139.77974474430084,Mapillary,a6e7bdba-083d-46fb-a53c-5e446a48cf4c
1723037212101,197.5079901194871,109897801244586,8174346982626666,True,u5LHIPpl8bWEAVcw7F4JKR,1392685764,35.68358787963362,139.77822124958038,Mapillary,76d5d89d-2d7f-4664-991e-8eb319ed8eeb
1722882858835,298.110888477916,105158808392190,1974548912974394,False,bRpjkKiLlw12Zx3dXon9gC,1392685764,35.679008276343836,139.78873014450073,Mapillary,eba04ee3-1a91-4a84-ab58-8457f2ef72ee
1723037209899,106.28859759912297,109897801244586,544657171222965,True,u5LHIPpl8bWEAVcw7F4JKR,1392685764,35.68418482092609,139.77411210536957,Mapillary,c8a0da60-c01e-4276-b4da-d0589215afc5
1723630002148,127.36449097263642,109897801244586,2888433534666715,True,eun16cam5ZtTCofvGgBpsE,1392685764,35.688415568790305,139.76838290691376,Mapillary,5a6e8aa5-a88a-4cc5-8524-a405d14eaad1
1723037206763,158.05455808412034,109897801244586,476518221938625,True,u5LHIPpl8bWEAVcw7F4JKR,1392685764,35.68529154698011,139.7708237171173,Mapillary,03398c48-5c91-4074-8497-4d08072eeefd
1723037210833,76.49201115661742,109897801244586,1218257132703317,True,u5LHIPpl8bWEAVcw7F4JKR,1392685764,35.684254536406186,139.77623105049133,Mapillary,450d565c-b109-48fa-afba-146f54976066
1723037201925,146.3357745949088,109897801244586,489331920346618,True,u5LHIPpl8bWEAVcw7F4JKR,1392685764,35.687213030944264,139.7696167230606,Mapillary,1b187f2c-ba80-4d8d-aa60-d0ad1ff34865
1723630012258,205.12524720422343,109897801244586,432042152491673,True,eun16cam5ZtTCofvGgBpsE,1392685764,35.68282099959393,139.77774918079376,Mapillary,52409b09-9886-4edf-acd0-c6fa3f557aba
1723630004817,160.6947254213003,109897801244586,1145237043210187,True,eun16cam5ZtTCofvGgBpsE,1392685764,35.685635761795936,139.7707486152649,Mapillary,e5cfdbfc-1ee9-48c7-8795-262e07e0a4e4
1723037208298,103.90418845739396,109897801244586,1216000199754509,True,u5LHIPpl8bWEAVcw7F4JKR,1392685764,35.6845856841048,139.77196097373962,Mapillary,9bb3b4dc-b667-4bbc-a61b-fb6ebb4a4cac
1723630009389,78.26699152057631,109897801244586,537619192020042,True,eun16cam5ZtTCofvGgBpsE,1392685764,35.68414996316319,139.77556586265564,Mapillary,3c3a5e35-c0b1-4feb-b5e0-c41d9c2bae7b
1723630004317,156.0813279632033,109897801244586,541465728215200,True,eun16cam5ZtTCofvGgBpsE,1392685764,35.68627625882942,139.77045357227325,Mapillary,fd525bf6-a1d0-4cd1-af08-c31ef66873aa
1723037201224,142.6320759389805,109897801244586,841675801242097,True,u5LHIPpl8bWEAVcw7F4JKR,1392685764,35.6876618062462,139.76922512054443,Mapillary,ef304d21-7e4e-4999-ab53-1143cc16cf97
1723630006219,103.20843157561342,109897801244586,1207790850646924,True,eun16cam5ZtTCofvGgBpsE,1392685764,35.68462054167733,139.77208971977234,Mapillary,2e7474ea-d766-451a-b4cc-662c6e4ad728
1723630002715,137.31482843551686,109897801244586,790039866541127,True,eun16cam5ZtTCofvGgBpsE,1392685764,35.687971154741604,139.7690051794052,Mapillary,3cab5632-bc0b-4af8-bc82-92ad32855033
1723037200657,132.3031209483517,109897801244586,512482211340736,True,u5LHIPpl8bWEAVcw7F4JKR,1392685764,35.68812800704151,139.76870477199554,Mapillary,3df087a9-7d24-4e83-95f9-c9708d431590
1723630017096,210.80715907737445,109897801244586,399688822733147,True,eun16cam5ZtTCofvGgBpsE,1392685764,35.675282525071026,139.77331280708313,Mapillary,569eaf0f-6153-4ff7-a8d2-f86b3c7e6fe6
1723037206062,161.19642805637454,109897801244586,918112240078340,True,u5LHIPpl8bWEAVcw7F4JKR,1392685764,35.68583183286253,139.770587682724,Mapillary,1a579362-7d60-4629-b9ea-183681f530e9
1723037205995,161.63621450808046,109897801244586,1015311806640242,True,u5LHIPpl8bWEAVcw7F4JKR,1392685764,35.68587976127219,139.77056622505188,Mapillary,f1149580-80f8-4c9f-825a-11972d1b1c08
1723630010690,100.47035430479013,109897801244586,1166652687876813,True,eun16cam5ZtTCofvGgBpsE,1392685764,35.68443753925165,139.77756142616272,Mapillary,6572fc40-1a9c-4178-9fc0-9c7c63d017f0
1723037214070,204.8122504175812,109897801244586,850138540027593,True,u5LHIPpl8bWEAVcw7F4JKR,1392685764,35.68014121884842,139.77623641490936,Mapillary,0aff9a89-4425-49ef-997d-8afb9b737989
1722882968823,262.89769675051843,105158808392190,1139348487151155,False,bRpjkKiLlw12Zx3dXon9gC,1392685764,35.68398438858142,139.7751259803772,Mapillary,4429b3d6-7ff2-4f29-ae34-b34d98d79dc1
1723037214304,206.00346804498633,109897801244586,953086870186542,True,u5LHIPpl8bWEAVcw7F4JKR,1392685764,35.679644469115104,139.77595210075378,Mapillary,36acc1d8-49eb-482a-9446-443bc02b3e5e
1723037212468,208.29190381218322,109897801244586,882081480490108,True,u5LHIPpl8bWEAVcw7F4JKR,1392685764,35.68298657659008,139.77787256240845,Mapillary,d1dd69fb-834a-4fbb-a606-ac1e754fd4e0
1722882880781,296.6799777027121,105158808392190,1137183620686343,False,bRpjkKiLlw12Zx3dXon9gC,1392685764,35.68103448909709,139.78648781776428,Mapillary,d97116a1-3a02-4792-9718-e11b58afc790
1723037211834,156.45989222667367,109897801244586,6981443261980604,True,u5LHIPpl8bWEAVcw7F4JKR,1392685764,35.68403667532857,139.7781890630722,Mapillary,b9de585c-bcc1-45e2-9155-d6af5b4e5b54
1723630015261,206.20891565504994,109897801244586,866475188217557,True,eun16cam5ZtTCofvGgBpsE,1392685764,35.67814548626271,139.77504014968872,Mapillary,cc5c4341-8d74-4a76-8bf2-2edafb49ed9f
1723630002315,128.35385364729365,109897801244586,487648070659084,True,eun16cam5ZtTCofvGgBpsE,1392685764,35.688297930018365,139.7685706615448,Mapillary,74871fbe-b0fc-44a4-82d3-663d6922bd41
1723630010590,93.81879411138027,109897801244586,1681325975971636,True,eun16cam5ZtTCofvGgBpsE,1392685764,35.684450610867415,139.77742731571198,Mapillary,655a2815-561a-460c-bae9-230479064b0b
1723630008955,95.22909607002612,109897801244586,1015770343192326,True,eun16cam5ZtTCofvGgBpsE,1392685764,35.68409331926598,139.77480947971344,Mapillary,f3e6a42c-6cce-48b1-b3a2-504bbf8b1f27
1723630016062,206.5543678622321,109897801244586,1055378912872005,True,eun16cam5ZtTCofvGgBpsE,1392685764,35.67686871412765,139.77432668209076,Mapillary,2e394fb1-bd2f-4193-8986-aa2e86f036f2
1723037201424,144.90709323479098,109897801244586,1048219030004418,True,u5LHIPpl8bWEAVcw7F4JKR,1392685764,35.687526738217,139.76934850215912,Mapillary,9ea481ec-926b-4212-98df-8c85f4a1291a
1723630005184,150.01708457663153,109897801244586,473091398910771,True,eun16cam5ZtTCofvGgBpsE,1392685764,35.685182617931545,139.77097392082214,Mapillary,03bbe4a2-d0ca-4481-813c-18daff28686f
1723037211000,77.31319873963537,109897801244586,509536948412937,True,u5LHIPpl8bWEAVcw7F4JKR,1392685764,35.68432860903707,139.77661728858948,Mapillary,30226394-8867-45f8-bcdd-af10daee5e0e
1723630013192,205.3584923586671,109897801244586,3349973578631849,True,eun16cam5ZtTCofvGgBpsE,1392685764,35.681452797580434,139.7770196199417,Mapillary,5de0a5b4-45cf-4eb6-b7fb-8c7efcb0d1fd
1723037208197,103.67348348570971,109897801244586,1738925986932906,True,u5LHIPpl8bWEAVcw7F4JKR,1392685764,35.68460747008943,139.771848320961,Mapillary,be9db0a5-1699-4e7c-83b3-84cb05568d9f
1723037213436,205.72742828421977,109897801244586,3431091960518837,True,u5LHIPpl8bWEAVcw7F4JKR,1392685764,35.68138743702448,139.77697134017944,Mapillary,77531058-b022-44d5-9bab-4fc0b38d6a1b
1723630007353,99.81161525105705,109897801244586,901282868502765,True,eun16cam5ZtTCofvGgBpsE,1392685764,35.68445932527672,139.77292656898499,Mapillary,9f5c79bc-1d7f-4ffc-bdfd-31511fec8de2
1723037216306,206.77681977490187,109897801244586,1028864558940014,True,u5LHIPpl8bWEAVcw7F4JKR,1392685764,35.675944893565756,139.77367758750916,Mapillary,133fa495-0a16-4961-b3cb-7d4100ac0911
1723630013826,205.33077107804084,109897801244586,1646011076193849,True,eun16cam5ZtTCofvGgBpsE,1392685764,35.680472383619275,139.77644562721252,Mapillary,60957e32-23d9-4dcd-9551-4982e63a8806
1723630009622,77.55773369288971,109897801244586,474543588725776,True,eun16cam5ZtTCofvGgBpsE,1392685764,35.68421967867377,139.77596282958984,Mapillary,b4c93962-772c-425f-b734-9f4cd062fffd
1723037210433,81.87630642023242,109897801244586,818874660367736,True,u5LHIPpl8bWEAVcw7F4JKR,1392685764,35.684084604816704,139.77526545524597,Mapillary,8e944e2c-dee2-4b38-a05f-3d8ad54e5b2a
1723630012558,201.9319581443137,109897801244586,516380814140174,True,eun16cam5ZtTCofvGgBpsE,1392685764,35.682407055600265,139.77753460407257,Mapillary,5be26dbc-6159-4b0b-9840-5f63e8b346cf
1723630015862,205.43119454206968,109897801244586,1065409191973902,True,eun16cam5ZtTCofvGgBpsE,1392685764,35.67718246207441,139.77451980113983,Mapillary,cdd37954-646e-42c8-a89a-f30450559747
1723630003349,144.76391935877047,109897801244586,1545377579707105,True,eun16cam5ZtTCofvGgBpsE,1392685764,35.687317600172264,139.7696167230606,Mapillary,5e9f9154-7848-469a-9bcc-04dcc50bf8e4
1723630002548,132.4283566302396,109897801244586,1170061457582261,True,eun16cam5ZtTCofvGgBpsE,1392685764,35.68811929303294,139.76882815361023,Mapillary,f2758c2a-72c8-4215-9d9a-19cc734aeb97
1723630011190,153.63281083154413,109897801244586,360839663737742,True,eun16cam5ZtTCofvGgBpsE,1392685764,35.684110748161714,139.77814614772797,Mapillary,c11acec7-fc79-4e49-8ea8-ee919dc9b00e
1723630003416,144.5202831275967,109897801244586,502745372402001,True,eun16cam5ZtTCofvGgBpsE,1392685764,35.68724788736883,139.76968109607697,Mapillary,1294ceed-5f1d-4bd4-8043-a1832d61a2f1
1722882889848,246.68100209784177,105158808392190,466646462830469,False,bRpjkKiLlw12Zx3dXon9gC,1392685764,35.68095605601232,139.78523790836334,Mapillary,07e8efc8-c7d9-489f-ae70-3e046a61d86a
1723630013793,204.91962470044,109897801244586,1013068550277447,True,eun16cam5ZtTCofvGgBpsE,1392685764,35.68052467266796,139.7764778137207,Mapillary,916c0fa9-9511-4cf1-8de4-fdf00ebbedba
1723630004183,150.84424797413476,109897801244586,1553829518895498,True,eun16cam5ZtTCofvGgBpsE,1392685764,35.68644182865468,139.77035701274872,Mapillary,ca71fee3-c7de-4946-8339-9f43ef10928e
1723037212702,204.0591090316537,109897801244586,527186803087427,True,u5LHIPpl8bWEAVcw7F4JKR,1392685764,35.682616206518134,139.7776472568512,Mapillary,ea6d7467-a5ac-4d1e-b74f-2189aef2eee5
1722882952864,264.608409975214,105158808392190,522763250079616,False,bRpjkKiLlw12Zx3dXon9gC,1392685764,35.68437653834981,139.77756679058075,Mapillary,46a15148-06db-4611-ac13-bf75598fadb3
1723037207530,124.07876233863317,109897801244586,1480129412868020,True,u5LHIPpl8bWEAVcw7F4JKR,1392685764,35.68478175775219,139.77132260799408,Mapillary,0fa9fc20-cbb7-4661-81f2-e209ffdd93fa
1723630006085,103.68107271079373,109897801244586,8061420567312331,True,eun16cam5ZtTCofvGgBpsE,1392685764,35.684642327652426,139.7719770669937,Mapillary,d3120a11-16ea-434a-84d1-cc0fe71851e7
1723037213569,205.4891271761892,109897801244586,396155723480325,True,u5LHIPpl8bWEAVcw7F4JKR,1392685764,35.68113906642351,139.7768211364746,Mapillary,bbe119b0-67e3-4c30-85e5-c591b85b0b17
1723630011024,135.3293933746213,109897801244586,1729804821159270,True,eun16cam5ZtTCofvGgBpsE,1392685764,35.684267608051925,139.77799594402313,Mapillary,a16556a3-c662-4c02-8c6c-c4c531cac495
1723630005652,116.63290500519196,109897801244586,1031915585320647,True,eun16cam5ZtTCofvGgBpsE,1392685764,35.68477740056524,139.77148354053497,Mapillary,9b4566aa-a441-4ac5-9601-36ea73ec3cc6
1723630006619,102.67622406500647,109897801244586,1425069281603403,True,eun16cam5ZtTCofvGgBpsE,1392685764,35.684563898114234,139.77237403392792,Mapillary,5f2d201e-489e-497f-8f02-70a5a7da0668
1723630014894,206.83700584297543,109897801244586,3966493583578362,True,eun16cam5ZtTCofvGgBpsE,1392685764,35.678729395721774,139.77540493011475,Mapillary,4902a886-688c-45ee-9bc6-11b78d6fc8b9
1723037205595,158.15947697560546,109897801244586,984131513452759,True,u5LHIPpl8bWEAVcw7F4JKR,1392685764,35.686158616902674,139.7704428434372,Mapillary,ef4e0a88-7837-4aba-b2bf-5dc0ff5139a2
1723037216406,205.93583208954308,109897801244586,1147163983251271,True,u5LHIPpl8bWEAVcw7F4JKR,1392685764,35.675757513562374,139.77356493473053,Mapillary,1641fac7-43d2-4a8b-b73a-bbd794e48bba
1723037214103,203.09140163328658,109897801244586,951134870012157,True,u5LHIPpl8bWEAVcw7F4JKR,1392685764,35.68007149977416,139.77619886398315,Mapillary,82be935c-1f5e-4d33-87d5-2721fa36c282
1723630002649,135.58835432994454,109897801244586,515926227601714,True,eun16cam5ZtTCofvGgBpsE,1392685764,35.68803650990405,139.76893544197083,Mapillary,efdc353b-67a5-45c8-a33b-dbd53fca18dc
1723037207297,133.832163052767,109897801244586,813236490789766,True,u5LHIPpl8bWEAVcw7F4JKR,1392685764,35.68491683042893,139.77111339569092,Mapillary,7a308438-2c76-472a-ae9d-a10e5c716e34
1723037206195,160.40195464387637,109897801244586,1968937023556119,True,u5LHIPpl8bWEAVcw7F4JKR,1392685764,35.685744690225775,139.7706252336502,Mapillary,3b297824-5d85-4b52-a909-2b40d28ad21a
1723630003116,144.03149598174616,109897801244586,549900360700802,True,eun16cam5ZtTCofvGgBpsE,1392685764,35.687565951539355,139.76940214633942,Mapillary,29255628-1ffb-4b04-a87a-fe0bf39c97d6
1723630015895,205.24013836775765,109897801244586,512659947917941,True,eun16cam5ZtTCofvGgBpsE,1392685764,35.67713452844016,139.77449297904968,Mapillary,796553d3-32ee-452c-86ce-27b156c0a43c
1723037208665,102.31397281174043,109897801244586,488675617134676,True,u5LHIPpl8bWEAVcw7F4JKR,1392685764,35.68449854010686,139.77243304252625,Mapillary,04d0b002-f8cf-45a2-bcd2-018629c1ffeb
1722882997776,322.41686899226534,105158808392190,1208885520243775,False,rzG47q8KnovQHpMZ2DE0gT,1392685764,35.68482532960837,139.7709685564041,Mapillary,db3fab2b-ce05-4728-ad05-a02cae6f12ae
1723630005485,127.32260395505114,109897801244586,1569221117140141,True,eun16cam5ZtTCofvGgBpsE,1392685764,35.684886330167075,139.7712743282318,Mapillary,9e1f787e-89c1-4300-bfdb-96aad92a1765
1723630014294,205.873111852997,109897801244586,1483097109241646,True,eun16cam5ZtTCofvGgBpsE,1392685764,35.679709831098805,139.77600574493408,Mapillary,e02c1874-8b12-48bf-bc38-8387f35653a6
1723037213670,205.78104414168206,109897801244586,1009976183868347,True,u5LHIPpl8bWEAVcw7F4JKR,1392685764,35.68094734122036,139.77670848369598,Mapillary,449d9484-3005-44c8-a78e-55583b47a6b4
1722882959831,259.14408524252786,105158808392190,1367359871336238,False,bRpjkKiLlw12Zx3dXon9gC,1392685764,35.68420660702017,139.77652609348297,Mapillary,19686a9e-3d4d-49c9-8f35-765477a75c69
1723037209165,102.81831070565659,109897801244586,808923728060865,True,u5LHIPpl8bWEAVcw7F4JKR,1392685764,35.68439832439155,139.77299630641937,Mapillary,7eeff935-f394-49eb-b37a-7c192eff03db
1723037206496,160.4553326431826,109897801244586,404677605948356,True,u5LHIPpl8bWEAVcw7F4JKR,1392685764,35.68551811892466,139.77072179317474,Mapillary,2d644b08-6010-4123-8a15-378acf19d460
1723037213970,204.98370543835748,109897801244586,493610226964649,True,u5LHIPpl8bWEAVcw7F4JKR,1392685764,35.6803503757057,139.77635443210602,Mapillary,d21e0e3d-9f68-4d15-b618-049f07110620
1722882903764,249.88722733674112,105158808392190,810680257849635,False,bRpjkKiLlw12Zx3dXon9gC,1392685764,35.6800366402142,139.78307604789734,Mapillary,5f7d9ddb-f343-4369-b24a-5ff140ed54e0
1723037201457,144.99110647223847,109897801244586,1651389335660632,True,u5LHIPpl8bWEAVcw7F4JKR,1392685764,35.687500595991395,139.76936995983124,Mapillary,ea0c041c-5af5-4819-8efd-bbf648a534d0
1723037204427,147.371795079722,109897801244586,1544339069820391,True,u5LHIPpl8bWEAVcw7F4JKR,1392685764,35.68660304104907,139.7701370716095,Mapillary,cbafb1b0-1da7-49b3-b19a-c18e38f444c1
1722882953929,262.1605613833714,105158808392190,1488546555366439,False,bRpjkKiLlw12Zx3dXon9gC,1392685764,35.684359109512144,139.77742731571198,Mapillary,d508f920-3428-4e1c-81df-f68f48b0e611
1723037205061,151.56527087278255,109897801244586,1070474104600995,True,u5LHIPpl8bWEAVcw7F4JKR,1392685764,35.68637647218577,139.77030336856842,Mapillary,0e74dc77-e4e9-4081-afaf-ab562c74f49c
1723037200990,139.6783535196995,109897801244586,1434589040577122,True,u5LHIPpl8bWEAVcw7F4JKR,1392685764,35.68784044425608,139.76904809474945,Mapillary,b03c5ec2-93ef-4647-b35a-40fb8c851b9d
1723037213736,206.1106470101408,109897801244586,1033359118345405,True,u5LHIPpl8bWEAVcw7F4JKR,1392685764,35.68081661922682,139.77663338184357,Mapillary,95192866-aae2-4ba5-a49b-0b02a461ba49
1723037210066,102.04871534292636,109897801244586,888208219815835,True,u5LHIPpl8bWEAVcw7F4JKR,1392685764,35.684119462608166,139.77443933486938,Mapillary,9ee3ffa1-a325-487d-87ed-e230a407f7fb
1723037216673,206.6014715642073,109897801244586,808393644779367,True,u5LHIPpl8bWEAVcw7F4JKR,1392685764,35.67527380965943,139.77324843406677,Mapillary,d41c4dc4-1ee6-4f0f-ad37-9befd0119a92
1723630004350,156.0813279632033,109897801244586,1244819679860069,True,eun16cam5ZtTCofvGgBpsE,1392685764,35.68623268776567,139.7704803943634,Mapillary,5adc6998-91a3-4972-a54e-243d6532a5e6
1723037213069,205.28573903184753,109897801244586,1935994953490489,True,u5LHIPpl8bWEAVcw7F4JKR,1392685764,35.68201489615156,139.77734684944153,Mapillary,1a161dc0-193c-467d-a7d8-34bc68763331
1723037204861,149.56301576490876,109897801244586,1042804877235789,True,u5LHIPpl8bWEAVcw7F4JKR,1392685764,35.686459257037356,139.7702443599701,Mapillary,f1134ba0-b9bf-4f66-9d1e-0e789200b202
1723037212502,207.28793151071469,109897801244586,3600505926946881,True,u5LHIPpl8bWEAVcw7F4JKR,1392685764,35.682938646442324,139.77783501148224,Mapillary,1308e114-273c-4955-88db-a47b4244d663
1723037209832,105.69033464931698,109897801244586,1011401257296562,True,u5LHIPpl8bWEAVcw7F4JKR,1392685764,35.684215321456136,139.77398872375488,Mapillary,d6bbd844-6ba6-4180-851d-d70c9c67046e
1723630002048,128.4653043173862,109897801244586,1016105863509393,True,eun16cam5ZtTCofvGgBpsE,1392685764,35.688485280573275,139.76827025413513,Mapillary,ca6d7ff7-68cb-46de-a968-e418e1b79874
1723037209032,102.10430076816618,109897801244586,1557624408499463,True,u5LHIPpl8bWEAVcw7F4JKR,1392685764,35.684420110427325,139.77286756038666,Mapillary,0ba1b803-fde9-43b4-907f-adc1ec6daf7e
1723037213469,205.93133356444582,109897801244586,1969404000146360,True,u5LHIPpl8bWEAVcw7F4JKR,1392685764,35.6813264337906,139.77693378925323,Mapillary,68dda0cf-4f19-4f1f-ac2f-feb77739c765
1723037215838,206.8638981296049,109897801244586,512052511284306,True,u5LHIPpl8bWEAVcw7F4JKR,1392685764,35.676790276948225,139.77418720722198,Mapillary,69506353-e815-4d2a-a10a-b139c6b4f7d8
1723630009489,77.27351284656856,109897801244586,1201682881252905,True,eun16cam5ZtTCofvGgBpsE,1392685764,35.68418046370657,139.7757375240326,Mapillary,36e40f04-cbf9-4a1d-90b9-993e1eda2afe
1723037216205,205.8316865271818,109897801244586,1251663146275166,True,u5LHIPpl8bWEAVcw7F4JKR,1392685764,35.67612791546995,139.7737956047058,Mapillary,bd524240-ef0f-4a0f-b7d0-0ed0ce5dee19
1723630005952,104.2111253875646,109897801244586,1216805079473818,True,eun16cam5ZtTCofvGgBpsE,1392685764,35.684668470814685,139.77185368537903,Mapillary,662e4136-7355-4972-8e6d-bd554238972c
1723037214537,206.9578810569073,109897801244586,7927156854005466,True,u5LHIPpl8bWEAVcw7F4JKR,1392685764,35.679178218744966,139.77567315101624,Mapillary,1a1c02fa-1cf5-4ad8-a6b4-0a98be551494
1722882954802,261.5054668822952,105158808392190,400453462612502,False,bRpjkKiLlw12Zx3dXon9gC,1392685764,35.68433296624852,139.77727711200714,Mapillary,8fd05fd5-c2b3-46f2-88d5-16d0d2994a46
1723630002782,139.9913761976295,109897801244586,828187906093617,True,eun16cam5ZtTCofvGgBpsE,1392685764,35.68791015654169,139.7690749168396,Mapillary,d2456b95-8848-41f7-ba6e-700e39d71b11
1723037207096,144.85683600464375,109897801244586,1897471200722214,True,u5LHIPpl8bWEAVcw7F4JKR,1392685764,35.685056260048924,139.77097392082214,Mapillary,6a063b4b-1466-4143-9632-d841fb27b6cb
1722882972819,270.89836506084896,105158808392190,1134176577688403,False,bRpjkKiLlw12Zx3dXon9gC,1392685764,35.68395824519499,139.77454662322998,Mapillary,4933763b-dbfb-4d12-8e40-7ecc3c05a3d1
1723630004250,154.0747588900715,109897801244586,1014795007006187,True,eun16cam5ZtTCofvGgBpsE,1392685764,35.68635904378502,139.770405292511,Mapillary,03c82da7-5050-4a60-9060-a14f306649bd
1722883011783,328.8670087887514,105158808392190,1134177910991488,False,rzG47q8KnovQHpMZ2DE0gT,1392685764,35.68656382725341,139.7700834274292,Mapillary,66374a5f-c525-4342-8aca-b38979f0a522
1723630014060,205.15184199835485,109897801244586,1030282505300349,True,eun16cam5ZtTCofvGgBpsE,1392685764,35.68008892954843,139.7762256860733,Mapillary,7cdf5781-c28d-494c-8f94-eb21b02bfb15
1722882883789,276.4662849812738,105158808392190,291212980719311,False,bRpjkKiLlw12Zx3dXon9gC,1392685764,35.68112163687864,139.78606939315796,Mapillary,a5c14740-3256-4716-8c86-ecb7c3cb51e6
1723037214704,207.02634744056266,109897801244586,383403731116775,True,u5LHIPpl8bWEAVcw7F4JKR,1392685764,35.67883833358076,139.77546393871307,Mapillary,65737de3-7ee7-4086-b6ee-47c13a20ccd3
1723630007287,101.28326611578683,109897801244586,887795349866638,True,eun16cam5ZtTCofvGgBpsE,1392685764,35.684468039685086,139.77286756038666,Mapillary,ae023b3d-72d0-4416-9730-8c196782154f
1722882861937,305.48105893849413,105158808392190,3410239739270406,False,bRpjkKiLlw12Zx3dXon9gC,1392685764,35.67921743617076,139.78831708431244,Mapillary,49447fb8-3c7f-4af6-8306-050af4efa921
1722882939779,323.9480963785478,105158808392190,2257062558005545,False,bRpjkKiLlw12Zx3dXon9gC,1392685764,35.68364016664064,139.77945506572723,Mapillary,591c9fa9-1402-4509-a60e-5565b9cbd3eb
1723630005919,103.8727222372948,109897801244586,3755626711384360,True,eun16cam5ZtTCofvGgBpsE,1392685764,35.68467718520023,139.77182149887085,Mapillary,4e4d4c3b-385c-42b9-98a9-e5d73e1eb9da
1723037200690,132.79196701418107,109897801244586,1055710266078286,True,u5LHIPpl8bWEAVcw7F4JKR,1392685764,35.68809750800736,139.76874232292175,Mapillary,ddde0d85-828b-4c73-afa6-e4c7ccb520aa
1723630010456,84.89590113487907,109897801244586,1178439843274741,True,eun16cam5ZtTCofvGgBpsE,1392685764,35.684441896457145,139.7772341966629,Mapillary,9afa8d19-6704-41de-9f5d-4cefdee06a05
1723037210667,76.32282087171995,109897801244586,763601425755136,True,u5LHIPpl8bWEAVcw7F4JKR,1392685764,35.68417610648679,139.77582335472107,Mapillary,51ebf6a4-728f-4966-99b4-260ff28e3a8e
1723037201124,141.5901427626079,109897801244586,1590025728241949,True,u5LHIPpl8bWEAVcw7F4JKR,1392685764,35.687740232738804,139.76915538311005,Mapillary,dcb3309c-d1e2-4bbd-ae26-6411322fc830
1723630015428,196.9949795872221,109897801244586,381129671674954,True,eun16cam5ZtTCofvGgBpsE,1392685764,35.67785788749596,139.774911403656,Mapillary,49fbd04b-718c-4531-a6a0-c3cdcc1233d2
1723037213770,206.00505025429794,109897801244586,7458401237597246,True,u5LHIPpl8bWEAVcw7F4JKR,1392685764,35.680751258149726,139.77659046649933,Mapillary,9153e2f8-c49a-4dc8-afd0-e80103f0fe3a
1723630013126,204.33750287997458,109897801244586,1416851315647270,True,eun16cam5ZtTCofvGgBpsE,1392685764,35.681557374358604,139.77707862854004,Mapillary,120f9a92-2e36-4079-a89e-8c5051b91020
1722882919758,316.6845072377581,105158808392190,2331888237158172,False,bRpjkKiLlw12Zx3dXon9gC,1392685764,35.681043203879526,139.78078544139862,Mapillary,bd6fa853-2d70-4832-b026-f68f13f5402b
1723037214137,205.7269477957153,109897801244586,1443732296337438,True,u5LHIPpl8bWEAVcw7F4JKR,1392685764,35.680006138086725,139.77616131305695,Mapillary,30bdea81-76e6-4948-9253-69a6812a08b4
1723037215738,205.93024926357742,109897801244586,1158352862117353,True,u5LHIPpl8bWEAVcw7F4JKR,1392685764,35.67696893930028,139.77428913116455,Mapillary,a2abc26e-d5f4-4849-9f2b-05dda49eb7e3
1723630009555,77.0745874447066,109897801244586,452441571115077,True,eun16cam5ZtTCofvGgBpsE,1392685764,35.68420224980183,139.77585017681122,Mapillary,24b15835-a28c-46be-9d08-2728a82bd322
1723630004150,150.84424797413476,109897801244586,1231489391627402,True,eun16cam5ZtTCofvGgBpsE,1392685764,35.68647668541621,139.77033019065857,Mapillary,8ef85e06-b97d-497d-be7b-56bd47be29df
1723630015528,225.46685701464898,109897801244586,1942088232878611,True,eun16cam5ZtTCofvGgBpsE,1392685764,35.67768358470863,139.77483093738556,Mapillary,465932a4-400d-4c81-9f26-e394f6f781e5
1723037215238,241.39168696147783,109897801244586,418907004489846,True,u5LHIPpl8bWEAVcw7F4JKR,1392685764,35.67792325094304,139.7748363018036,Mapillary,51dbcdba-5190-41b7-a5e7-b6c4de66ec32
1723630012625,202.69864699777543,109897801244586,1019117196188729,True,eun16cam5ZtTCofvGgBpsE,1392685764,35.68231555190131,139.77749168872833,Mapillary,abc11392-e592-4dee-ae33-95ef9e77f638
1723037206729,159.04545413237463,109897801244586,8019129634869561,True,u5LHIPpl8bWEAVcw7F4JKR,1392685764,35.68531768992963,139.77080762386322,Mapillary,2ff85a93-8896-4652-bd81-c8ee77c0aedd
1723630002682,137.31482843551686,109897801244586,484707177807790,True,eun16cam5ZtTCofvGgBpsE,1392685764,35.6880060108349,139.76897299289703,Mapillary,11a8e4f0-b530-40db-9bfd-6290a25a3a51
1723037210400,83.63841198393214,109897801244586,4126775694219122,True,u5LHIPpl8bWEAVcw7F4JKR,1392685764,35.68407589036646,139.77518498897552,Mapillary,cc718ed8-1f30-4004-a1a0-17f60e132a9e
1723630014360,205.7500832341197,109897801244586,990423156099745,True,eun16cam5ZtTCofvGgBpsE,1392685764,35.67960089442957,139.77594137191772,Mapillary,502f8e64-cc57-4a19-a5a6-d259be8f7bde
1722883010870,330.9341906264639,105158808392190,1252996249404499,False,rzG47q8KnovQHpMZ2DE0gT,1392685764,35.686437471558406,139.7701746225357,Mapillary,6047d418-f48d-4565-b5a3-7829573f49a8
1723037200423,129.0165523616755,109897801244586,1311860706440178,True,u5LHIPpl8bWEAVcw7F4JKR,1392685764,35.688302287013,139.76845264434814,Mapillary,82451a7b-65e5-4686-9147-8bd3c0cfe933
1722882956930,260.80806638351487,105158808392190,1133163794411767,False,bRpjkKiLlw12Zx3dXon9gC,1392685764,35.684285036909586,139.7769820690155,Mapillary,0119b282-175a-4a08-8075-8c0d1e66251f
1723630008888,99.1775854332343,109897801244586,1735076983995867,True,eun16cam5ZtTCofvGgBpsE,1392685764,35.684106390938155,139.77469146251678,Mapillary,077c56c0-b8dc-4230-b48d-5ce84029a47b
1723037209799,105.39994939838544,109897801244586,1013431920074551,True,u5LHIPpl8bWEAVcw7F4JKR,1392685764,35.68422839310831,139.77392971515656,Mapillary,b022b709-a5c0-44d5-b809-5d625a966f49
1723037212669,204.51794974182286,109897801244586,798706492334934,True,u5LHIPpl8bWEAVcw7F4JKR,1392685764,35.682672851464034,139.77767944335938,Mapillary,63a1468a-639c-4ef6-b2a9-fc44cf5e77d6
1722882936822,340.6619416818138,105158808392190,2772705032885873,False,bRpjkKiLlw12Zx3dXon9gC,1392685764,35.68325237052325,139.77969646453857,Mapillary,203c6b25-f263-46a5-a14d-2a244c92ae1c
1723037207897,109.27219618873653,109897801244586,475702148576632,True,u5LHIPpl8bWEAVcw7F4JKR,1392685764,35.684664113621594,139.77160155773163,Mapillary,add0b283-c12a-42b0-88e1-329b6ed94392
1723037212969,201.2048754540892,109897801244586,309010892229546,True,u5LHIPpl8bWEAVcw7F4JKR,1392685764,35.68217176016235,139.77742731571198,Mapillary,9290063f-db7f-437d-a75e-2767ae9496ce
1723037214604,206.43669236115554,109897801244586,1533340927581685,True,u5LHIPpl8bWEAVcw7F4JKR,1392685764,35.67903877885274,139.77558732032776,Mapillary,53608625-790d-4976-9ca5-53658c61ba73
1723037216072,205.2987957316674,109897801244586,494447423232397,True,u5LHIPpl8bWEAVcw7F4JKR,1392685764,35.67638937460494,139.77395117282867,Mapillary,4a5dd910-759a-4826-bd81-aaf13b175d7d
1723037207230,138.3902176393641,109897801244586,414108574979662,True,u5LHIPpl8bWEAVcw7F4JKR,1392685764,35.68496475938829,139.77106511592865,Mapillary,3d21b885-b1e6-49a9-b92e-a0d17dc9a2ce
1723037216372,204.0841289988636,109897801244586,1304085254089937,True,u5LHIPpl8bWEAVcw7F4JKR,1392685764,35.67581416337724,139.7735971212387,Mapillary,fb8c95d3-0f63-41bf-9192-f7a103392f4b
1723037201190,142.95024571370595,109897801244586,463101119888383,True,u5LHIPpl8bWEAVcw7F4JKR,1392685764,35.68768794841894,139.76920366287231,Mapillary,b944d0e5-383d-4132-bafb-288565eaeefb
1723630009789,77.32941122870369,109897801244586,1218319399355874,True,eun16cam5ZtTCofvGgBpsE,1392685764,35.6842719652667,139.7762417793274,Mapillary,2ce30180-3b17-434b-8767-2dccfa55c9fd
1723630008521,103.8942463044969,109897801244586,1199384944954503,True,eun16cam5ZtTCofvGgBpsE,1392685764,35.684210964238275,139.77412283420563,Mapillary,f1dbbbf4-4517-4991-a1ee-2333b01196fe
1723630005018,157.8971203248442,109897801244586,848742387322133,True,eun16cam5ZtTCofvGgBpsE,1392685764,35.68537869011186,139.77086126804352,Mapillary,a87ec19d-a9e6-47d9-b248-69f24b58ee16
1722883018911,325.3557069792781,105158808392190,505505788618323,False,rzG47q8KnovQHpMZ2DE0gT,1392685764,35.68736117064347,139.76938605308533,Mapillary,9df2bfec-cb15-4c43-93d5-2350f45e500b
1723630008621,103.24843688122166,109897801244586,511930028041478,True,eun16cam5ZtTCofvGgBpsE,1392685764,35.68418482092609,139.7742623090744,Mapillary,847abb1c-ca1f-4bd2-8b58-0634f5498086
1723630006953,103.93594785019638,109897801244586,527290426426626,True,eun16cam5ZtTCofvGgBpsE,1392685764,35.684520326115276,139.7726047039032,Mapillary,1aacd511-1135-4d05-a7cc-4d137c608288
1722883015786,325.58168976206446,105158808392190,476258918374452,False,rzG47q8KnovQHpMZ2DE0gT,1392685764,35.68703439152935,139.76967573165894,Mapillary,3d2e171e-5cb4-43f3-aefb-3db4ef12f210
1722883005848,339.13895512466047,105158808392190,2030851340724186,False,rzG47q8KnovQHpMZ2DE0gT,1392685764,35.68579261868777,139.7705179452896,Mapillary,25aec031-fed2-4aef-aba4-7b7c3ffbf8c5
1723630013526,205.22910040552634,109897801244586,1165915177995627,True,eun16cam5ZtTCofvGgBpsE,1392685764,35.68093862642746,139.77671921253204,Mapillary,08aa9d9e-ad28-4230-9196-afc7e6da1a69
1723037207330,132.58034893399503,109897801244586,1445569042808641,True,u5LHIPpl8bWEAVcw7F4JKR,1392685764,35.6848950445288,139.7711455821991,Mapillary,4f97ca63-9cca-467d-9396-4817e741b53c
1723037215071,206.99893911794592,109897801244586,1228866665116216,True,u5LHIPpl8bWEAVcw7F4JKR,1392685764,35.678106268310074,139.77501332759857,Mapillary,1bf57e3c-5432-4e2b-a368-937d6e9329be
1722882980767,282.5090255637566,105158808392190,843271131089398,False,rzG47q8KnovQHpMZ2DE0gT,1392685764,35.684119462608166,139.77331280708313,Mapillary,630ca7fa-9ac5-4136-a95a-359571e30e40
1722883021982,321.0256521996114,105158808392190,413522888407458,False,rzG47q8KnovQHpMZ2DE0gT,1392685764,35.6876618062462,139.7691124677658,Mapillary,c24147e7-7fb0-49f0-ae8e-94aeb70ab265
1723037214404,203.87397968461596,109897801244586,1026924948560430,True,u5LHIPpl8bWEAVcw7F4JKR,1392685764,35.6794353104075,139.7758287191391,Mapillary,cd423651-1e33-44cb-9a40-749a9e78bf87
1723630008554,104.04281354278135,109897801244586,8149852528401916,True,eun16cam5ZtTCofvGgBpsE,1392685764,35.68420224980183,139.77416574954987,Mapillary,63e21d6b-e52b-41c9-9460-f5e10f83e958
1722882887808,253.11996494766797,105158808392190,834413472136651,False,bRpjkKiLlw12Zx3dXon9gC,1392685764,35.68105191866101,139.7855007648468,Mapillary,1783c0f1-2c13-486c-853a-9b38f47fac68
1723630008321,103.42493665130775,109897801244586,1183765126177330,True,eun16cam5ZtTCofvGgBpsE,1392685764,35.684267608051925,139.7738492488861,Mapillary,ac30ff8f-7bb7-4c7d-80fe-6327e2e5e246
1723037215405,202.70100922723913,109897801244586,1271707340906876,True,u5LHIPpl8bWEAVcw7F4JKR,1392685764,35.6775920755929,139.77465391159058,Mapillary,d5ecc472-3575-493f-be37-2974c1f9932e
1722882923768,326.1732379008035,105158808392190,882687103736278,False,bRpjkKiLlw12Zx3dXon9gC,1392685764,35.68147894178783,139.78035628795624,Mapillary,4a1a1aa3-8e8b-47c2-9839-b2ea9872f36d
1723037209966,104.61258031744512,109897801244586,470079109135510,True,u5LHIPpl8bWEAVcw7F4JKR,1392685764,35.68415867760534,139.77424085140228,Mapillary,b93e0e53-a143-40c9-b17e-da4bdd5ded69
1723630012425,201.941652265309,109897801244586,1504363233806650,True,eun16cam5ZtTCofvGgBpsE,1392685764,35.682598777295894,139.7776311635971,Mapillary,ce933994-ffc8-471e-ba36-0707f2cbcd0c
1723037215271,204.87437642454105,109897801244586,1002791998251493,True,u5LHIPpl8bWEAVcw7F4JKR,1392685764,35.677892748007736,139.7748041152954,Mapillary,0243b99b-ca52-43e9-b4bf-f857aa9a7030
1722882987769,282.2865579934707,105158808392190,1223144039029066,False,rzG47q8KnovQHpMZ2DE0gT,1392685764,35.68431553740133,139.7722291946411,Mapillary,db17ee74-9ee5-4c5b-8f67-378cc9e1192f
1723037213002,203.0629438004945,109897801244586,1629739450934029,True,u5LHIPpl8bWEAVcw7F4JKR,1392685764,35.68212382952508,139.77740585803986,Mapillary,9370b180-6c2c-4817-8fe0-04e10c44914f
1722882967966,261.6137367997369,105158808392190,1195823008353219,False,bRpjkKiLlw12Zx3dXon9gC,1392685764,35.684001817500956,139.77527618408203,Mapillary,889ed497-82da-4418-a8e8-5250b3cb94aa
1723037213269,206.3923604118338,109897801244586,1155065879093890,True,u5LHIPpl8bWEAVcw7F4JKR,1392685764,35.68168809513858,139.77715373039246,Mapillary,20ff8c55-53f3-401e-9a0a-441af5ec8581
1723630004784,160.93332887676763,109897801244586,481203861368487,True,eun16cam5ZtTCofvGgBpsE,1392685764,35.68567497604782,139.77072715759277,Mapillary,8f45a162-a4ea-48c1-8c77-cdbe500b4020
1722882900803,242.6071008183682,105158808392190,872506934924087,False,bRpjkKiLlw12Zx3dXon9gC,1392685764,35.680228367605594,139.78355884552002,Mapillary,e2b3ed79-a4e1-4ad8-9b55-6066f7e85795
1723037216639,210.72832036971707,109897801244586,1014102566973672,True,u5LHIPpl8bWEAVcw7F4JKR,1392685764,35.67533045981766,139.77328598499298,Mapillary,1827183f-e771-43f1-b8ce-5aa48bc5dbcd
1722882994805,304.2471128093281,105158808392190,1471000877110721,False,rzG47q8KnovQHpMZ2DE0gT,1392685764,35.68457696970928,139.7712743282318,Mapillary,f6dbd1db-ca9d-4e26-947b-73fe174c0e49
1723630010957,127.6171527274351,109897801244586,1834849133673438,True,eun16cam5ZtTCofvGgBpsE,1392685764,35.6843242518254,139.77791547775269,Mapillary,88b63b15-8f24-4177-a244-0470bd1a9ab4
1723037203593,145.46366135277538,109897801244586,1490515941834245,True,u5LHIPpl8bWEAVcw7F4JKR,1392685764,35.68681653804296,139.76996541023254,Mapillary,f77dd54c-849a-48a7-84a3-64afefc1ba0d
1723037213703,205.83034844959874,109897801244586,1035849047928397,True,u5LHIPpl8bWEAVcw7F4JKR,1392685764,35.68088198025035,139.77667093276978,Mapillary,3b37558e-b751-4bf5-a71f-2a5de31f61aa
1723630004550,160.62719209842703,109897801244586,1195638628430754,True,eun16cam5ZtTCofvGgBpsE,1392685764,35.685975618005116,139.7706037759781,Mapillary,2c2e8bb7-67a7-4098-8440-f494596f6b8e
1723037203660,148.23821048815637,109897801244586,994126565785171,True,u5LHIPpl8bWEAVcw7F4JKR,1392685764,35.68679039558461,139.7699922323227,Mapillary,6a5e4f03-283e-4b47-9379-59c285bbb7fe
1722882966855,260.8991982874668,105158808392190,1251646422664654,False,bRpjkKiLlw12Zx3dXon9gC,1392685764,35.684023603645,139.77542638778687,Mapillary,4be2648d-0fbe-4e0a-8e3f-49a74db89cce
1723630008788,101.86728033716201,109897801244586,542885008075033,True,eun16cam5ZtTCofvGgBpsE,1392685764,35.68413253427603,139.7745305299759,Mapillary,ab9bf742-5ef1-46da-a55b-63451150ac36
1723037208231,103.40302201296703,109897801244586,818336116957202,True,u5LHIPpl8bWEAVcw7F4JKR,1392685764,35.684598755696285,139.7718858718872,Mapillary,0a21d737-3116-4c9b-9d61-b3f672d10722
1723037211968,178.62699778050478,109897801244586,3371654876471018,True,u5LHIPpl8bWEAVcw7F4JKR,1392685764,35.68381445641653,139.77825343608856,Mapillary,b06f0026-91d6-41a1-9429-e4e987391639
1722882850774,296.56212860748406,105158808392190,821136730165851,False,bRpjkKiLlw12Zx3dXon9gC,1392685764,35.67854202225641,139.78988349437714,Mapillary,c72ef6cf-e453-47cb-9bfa-c3e7e1abcde3
1723037201090,141.28383457126017,109897801244586,1027874719063725,True,u5LHIPpl8bWEAVcw7F4JKR,1392685764,35.68776201786197,139.7691285610199,Mapillary,52370e30-e6d2-41ec-9dea-319a196474e0
1723630009255,79.465827041892,109897801244586,1514474415837652,True,eun16cam5ZtTCofvGgBpsE,1392685764,35.684110748161714,139.7753244638443,Mapillary,622256cc-da29-4e43-93f9-43345de88b14
1723037212802,201.45163847458934,109897801244586,751411293677683,True,u5LHIPpl8bWEAVcw7F4JKR,1392685764,35.68244627143912,139.7775560617447,Mapillary,fab112b4-c515-415a-986f-0c982bc578c4
1723630014327,205.00805763554948,109897801244586,1255656772466570,True,eun16cam5ZtTCofvGgBpsE,1392685764,35.67965318404936,139.7759735584259,Mapillary,ee2faad5-877f-4ee7-9fb0-c46f22cba4d6
1723630008021,104.37865377857327,109897801244586,1625150461386372,True,eun16cam5ZtTCofvGgBpsE,1392685764,35.6843373234597,139.77348446846008,Mapillary,23dc2216-0b5a-4277-b35f-3640ab4e2a10
1723630010556,91.2212784155991,109897801244586,2871264109697347,True,eun16cam5ZtTCofvGgBpsE,1392685764,35.684450610867415,139.7773790359497,Mapillary,14b2fc7e-d4a6-44ee-89d5-3dd5fa84b21a
1723630015461,197.37638835090712,109897801244586,1027205672125601,True,eun16cam5ZtTCofvGgBpsE,1392685764,35.67780123913184,139.77488458156586,Mapillary,6d72159f-2c5f-4aa1-a6f9-07e42f2e20e1
1723630006552,103.40302284825293,109897801244586,418823541175304,True,eun16cam5ZtTCofvGgBpsE,1392685764,35.684572612511175,139.77233111858368,Mapillary,567894c8-7e6d-4265-b119-db2daca67ee8
1723630015094,206.84179435165458,109897801244586,1524779051488888,True,eun16cam5ZtTCofvGgBpsE,1392685764,35.67840693878753,139.77520108222961,Mapillary,df67f8df-ec5f-4166-a92e-7f52e171fad1
1722882865877,319.35861613060587,105158808392190,1707100663437434,False,bRpjkKiLlw12Zx3dXon9gC,1392685764,35.67958782201926,139.78785574436188,Mapillary,114084cc-820f-4de6-876d-cea748a9f417
1723630014260,205.06235101834474,109897801244586,1465041877478765,True,eun16cam5ZtTCofvGgBpsE,1392685764,35.67975776318616,139.77603256702423,Mapillary,33982ac3-dfef-4dac-a63d-1998631b320c
1723037210466,80.65468962491025,109897801244586,1643415963122846,True,u5LHIPpl8bWEAVcw7F4JKR,1392685764,35.68409331926598,139.77534592151642,Mapillary,c796fcb3-be21-4176-b8cc-ae0f473c89a1
1723037208731,102.5281018456111,109897801244586,1862440727575043,True,u5LHIPpl8bWEAVcw7F4JKR,1392685764,35.68448111129585,139.7725135087967,Mapillary,a72ed99d-31e3-4261-948e-bf3391e352e9
1722882924879,329.6669783696515,105158808392190,1504040800213789,False,bRpjkKiLlw12Zx3dXon9gC,1392685764,35.68160094797574,139.78027045726776,Mapillary,0fc60360-1349-4dd5-91e2-17d947c3b886
1723037216572,205.73838746635576,109897801244586,411400118622325,True,u5LHIPpl8bWEAVcw7F4JKR,1392685764,35.675448117710104,139.77335572242737,Mapillary,aa01a426-3d87-4703-a7c4-9b5e64400c8f
1723037214170,204.4467645837452,109897801244586,1697903384296950,True,u5LHIPpl8bWEAVcw7F4JKR,1392685764,35.6799320614429,139.7761183977127,Mapillary,c18f38a0-a9c4-4e95-b114-1fbf553930a9
1723630013159,204.86688913932895,109897801244586,3508451789301152,True,eun16cam5ZtTCofvGgBpsE,1392685764,35.68150508598664,139.7770518064499,Mapillary,0690ca22-e965-4095-94d9-9a23347a33f0
1722883007844,337.7956045699543,105158808392190,2061624980905722,False,rzG47q8KnovQHpMZ2DE0gT,1392685764,35.68605404615546,139.77039992809296,Mapillary,6910a593-6706-4b5a-83b8-9c2a6ceba0fd
1723630014127,204.128260173539,109897801244586,471316379009250,True,eun16cam5ZtTCofvGgBpsE,1392685764,35.679979993396756,139.77616131305695,Mapillary,8298068d-f3c1-4905-a60e-9909930700fe
1723630013426,205.2584890565088,109897801244586,1162622281479318,True,eun16cam5ZtTCofvGgBpsE,1392685764,35.68108677777744,139.77680504322052,Mapillary,596f7ab5-d507-4df9-ac57-c2ef558d3ab1
1722882927724,338.9463819257128,105158808392190,366819609604157,False,bRpjkKiLlw12Zx3dXon9gC,1392685764,35.68199746679798,139.78007197380066,Mapillary,dbd95ad7-49ab-4fdb-9d66-65c133aaff72
1722882999872,333.41620174677826,105158808392190,483099294449975,False,rzG47q8KnovQHpMZ2DE0gT,1392685764,35.68503883135976,139.77083444595337,Mapillary,48136577-ebda-43d3-85b0-41c7390daa00
1723037202191,144.5990642080846,109897801244586,527983262901798,True,u5LHIPpl8bWEAVcw7F4JKR,1392685764,35.68716074627888,139.76965963840485,Mapillary,98fe2e25-e07d-40dc-9777-28408555e461
1723037205395,154.81546286537196,109897801244586,1643138913134403,True,u5LHIPpl8bWEAVcw7F4JKR,1392685764,35.68626318751281,139.77037847042084,Mapillary,6e0f7d64-9bfb-48b7-833c-f8deaf97f30b
1723037208531,102.56357174400523,109897801244586,1537590876833522,True,u5LHIPpl8bWEAVcw7F4JKR,1392685764,35.68452904051698,139.77225601673126,Mapillary,a1b11aae-6505-411c-ba57-1f4a530317c5
1723037214904,206.27016587674842,109897801244586,508091485109468,True,u5LHIPpl8bWEAVcw7F4JKR,1392685764,35.678424368925405,139.77521181106567,Mapillary,08b79007-72fd-4608-b344-8809d010b2ab
1723630009956,77.43059047680765,109897801244586,1491647441714486,True,eun16cam5ZtTCofvGgBpsE,1392685764,35.684319894613466,139.77650463581085,Mapillary,fb9ff9e8-5166-4e63-9d08-c7339a139789
1723037208264,103.6553999009979,109897801244586,335437682870851,True,u5LHIPpl8bWEAVcw7F4JKR,1392685764,35.68459439849937,139.77192342281342,Mapillary,d3163c18-ad48-4e39-8396-0d6af088139b
1722882971841,267.90835362324697,105158808392190,7883379945092440,False,bRpjkKiLlw12Zx3dXon9gC,1392685764,35.68395824519499,139.77469146251678,Mapillary,04c0d5bd-706f-443f-81fe-7816fcc4317c
1723630010523,89.09181838929419,109897801244586,369039096242459,True,eun16cam5ZtTCofvGgBpsE,1392685764,35.684450610867415,139.77733612060547,Mapillary,322ce13e-c7be-465c-a352-4e4e33b011d8
1723630004284,155.0402736967253,109897801244586,1666610037244207,True,eun16cam5ZtTCofvGgBpsE,1392685764,35.686319829869376,139.77043211460114,Mapillary,2741d4fd-80be-42b8-979b-6e7d17235704
1723630007220,102.76039043805486,109897801244586,791774163161934,True,eun16cam5ZtTCofvGgBpsE,1392685764,35.68448111129585,139.77281391620636,Mapillary,29e45fbb-036b-4180-90d9-93ac9714eb33
1723630016963,207.3899511239938,109897801244586,1866945323792770,True,eun16cam5ZtTCofvGgBpsE,1392685764,35.675491694663265,139.77344155311584,Mapillary,e413a154-aa11-4bc1-9367-5b87985ee178
1722882962821,259.14408524252786,105158808392190,515197664260851,False,bRpjkKiLlw12Zx3dXon9gC,1392685764,35.684110748161714,139.77605402469635,Mapillary,cb4949db-1a7d-4c59-a2af-ff1057e88a22
1723037210867,76.32290891283407,109897801244586,823754266509890,True,u5LHIPpl8bWEAVcw7F4JKR,1392685764,35.6842719652667,139.77630615234375,Mapillary,73af4ae3-424d-478e-92ba-49e63ad0981e
1723037216105,207.91362561927215,109897801244586,496802362939697,True,u5LHIPpl8bWEAVcw7F4JKR,1392685764,35.67632400990149,139.77391362190247,Mapillary,a52252e6-be60-406b-85fe-25ea1ccbabdc
1723630005852,105.83600425614156,109897801244586,358010584028198,True,eun16cam5ZtTCofvGgBpsE,1392685764,35.684694613968404,139.7717410326004,Mapillary,b3f4d914-d830-435a-9649-b5fc22dced6a
1723037206362,161.01100631984525,109897801244586,563198429379248,True,u5LHIPpl8bWEAVcw7F4JKR,1392685764,35.685627047515126,139.77067351341248,Mapillary,41d9f332-02da-4898-9099-ad3e70634bef
1723630008488,103.24844300741648,109897801244586,7406648616102774,True,eun16cam5ZtTCofvGgBpsE,1392685764,35.68421967867377,139.77407455444336,Mapillary,03b7caeb-8c5c-4ec1-94ec-7614996b5b22
1723037212001,183.7722734534236,109897801244586,422360917483410,True,u5LHIPpl8bWEAVcw7F4JKR,1392685764,35.683757812281115,139.77825343608856,Mapillary,d9346ee7-9054-4119-97c7-5dcdcc8d65b4
1723037215004,207.2690205342831,109897801244586,481329614637264,True,u5LHIPpl8bWEAVcw7F4JKR,1392685764,35.67823263719947,139.77509379386902,Mapillary,264d8393-86af-46f3-bb2c-e642b737a765
1723630009522,77.30017847960858,109897801244586,485445680967093,True,eun16cam5ZtTCofvGgBpsE,1392685764,35.684189178145374,139.77579653263092,Mapillary,5a2d4cb7-d2a0-4992-b169-88f194ab3076
1722882921750,320.3535875696357,105158808392190,1027588175480337,False,bRpjkKiLlw12Zx3dXon9gC,1392685764,35.68125235837246,139.78056013584137,Mapillary,22366a3d-b0f2-43a4-b381-7993c462d555
1723037211234,81.52682303396449,109897801244586,871204105056753,True,u5LHIPpl8bWEAVcw7F4JKR,1392685764,35.684415753220634,139.77713763713837,Mapillary,23ffdd57-0a4f-4ea0-bbbb-e138f884cc90
1723630005685,114.48948899011782,109897801244586,2607160556155472,True,eun16cam5ZtTCofvGgBpsE,1392685764,35.684759971815154,139.7715264558792,Mapillary,96dff567-1d5c-416b-99e1-6c69309a4e34
1722882984853,282.0419892573302,105158808392190,862452805791091,False,rzG47q8KnovQHpMZ2DE0gT,1392685764,35.684232750325194,139.77269053459167,Mapillary,dc6174d9-cb03-4290-8cdc-ad9b03bdf9cc
1723630016796,207.681229155103,109897801244586,1001341828341215,True,eun16cam5ZtTCofvGgBpsE,1392685764,35.67574444052245,139.77360248565674,Mapillary,c4ed14f2-e14a-41e8-a8f9-d57c6bfff712
1723630016296,210.13430624309584,109897801244586,2509310809257899,True,eun16cam5ZtTCofvGgBpsE,1392685764,35.676502673297406,139.77409064769745,Mapillary,a5876ccf-9104-4aec-917e-5c9585d20685
1723630011858,206.74873943833455,109897801244586,430450546679471,True,eun16cam5ZtTCofvGgBpsE,1392685764,35.68332208681815,139.7780603170395,Mapillary,3cc9fad3-1ae7-4ecf-9532-a0424e368a8e
1722882855834,296.56212860748406,105158808392190,1041794300649529,False,bRpjkKiLlw12Zx3dXon9gC,1392685764,35.67882961855753,139.78916466236115,Mapillary,d4ec1821-3b89-4b4e-8e07-105429bcc37e
1723630012392,203.47511420373002,109897801244586,1234254031358666,True,eun16cam5ZtTCofvGgBpsE,1392685764,35.68264235034431,139.77765262126923,Mapillary,6be52918-7e59-4723-aeff-db15d20599f3
1723630011324,166.62999250700955,109897801244586,847067520732159,True,eun16cam5ZtTCofvGgBpsE,1392685764,35.68396260242666,139.77821588516235,Mapillary,a5445029-418a-46cb-9c59-0a10c93d1ea0
1722882851822,296.56212860748406,105158808392190,511330084604876,False,bRpjkKiLlw12Zx3dXon9gC,1392685764,35.67859867009467,139.78973865509033,Mapillary,9eba7fff-2b6d-41f6-8983-4666a0058c12
1723037208765,102.44892551992075,109897801244586,481030714790749,True,u5LHIPpl8bWEAVcw7F4JKR,1392685764,35.6844767540925,139.77255642414093,Mapillary,d4600341-537a-4d66-8c8c-b02a9069c1b1
1723630009656,77.52666941409188,109897801244586,1391019261569128,True,eun16cam5ZtTCofvGgBpsE,1392685764,35.684232750325194,139.77601647377014,Mapillary,bd883ec0-4370-41a4-970e-3e3ad614218c
1723037211334,88.76981530810377,109897801244586,1198167818110575,True,u5LHIPpl8bWEAVcw7F4JKR,1392685764,35.684433182045936,139.77735221385956,Mapillary,74939b01-10c0-4b92-bf2b-226586ae7271
1723630004083,147.21468778224073,109897801244586,1027851885506389,True,eun16cam5ZtTCofvGgBpsE,1392685764,35.686555113073965,139.77027118206024,Mapillary,07741c4a-f195-47ca-b8eb-cb4e443655fb
1723630006352,105.76618479397791,109897801244586,1754544665080112,True,eun16cam5ZtTCofvGgBpsE,1392685764,35.68460311289297,139.7721916437149,Mapillary,6eafcac4-35dc-4e2f-96e9-388882294f15
1723630009322,78.51278664845739,109897801244586,1803911766803508,True,eun16cam5ZtTCofvGgBpsE,1392685764,35.68412817705362,139.77544248104095,Mapillary,bf369fb7-8848-42fe-a678-1a379f6b8b28
1723037206829,155.65878813766471,109897801244586,1020617716316552,True,u5LHIPpl8bWEAVcw7F4JKR,1392685764,35.68524361821707,139.77085053920746,Mapillary,40bd93d4-63bd-4c9c-9d68-3da263e69d9a
1723630004417,158.32357241365003,109897801244586,1246018869706172,True,eun16cam5ZtTCofvGgBpsE,1392685764,35.686145545566745,139.77052330970764,Mapillary,dbefdc0c-85e7-49f5-a274-8ff543337bde
1723037214637,205.06828262370635,109897801244586,1699842027488362,True,u5LHIPpl8bWEAVcw7F4JKR,1392685764,35.678973416319366,139.77554440498352,Mapillary,5e82518c-cae4-4308-8465-e2f05d8d1b81
1723037215305,194.21644171558333,109897801244586,1696394621178131,True,u5LHIPpl8bWEAVcw7F4JKR,1392685764,35.677818669402,139.77477192878723,Mapillary,738de50b-ba62-41a2-9b61-2ad64b801e49
1723037213836,205.16046928686407,109897801244586,1669674456907566,True,u5LHIPpl8bWEAVcw7F4JKR,1392685764,35.68062053583492,139.7765153646469,Mapillary,f0fd6596-896c-45ed-9639-6e31064f1f35
1723630009188,81.758476149265,109897801244586,1622918128276824,True,eun16cam5ZtTCofvGgBpsE,1392685764,35.68409767649028,139.77520644664764,Mapillary,404d732f-4d6e-4626-a8d2-d2687d53f0f1
1723630002181,127.36449097263642,109897801244586,1017030349893413,True,eun16cam5ZtTCofvGgBpsE,1392685764,35.68839378384561,139.76841509342194,Mapillary,fe100bb2-defa-47b0-ac9b-1eacb7d7a4d5
1722882990795,283.38552956964196,105158808392190,477556318231965,False,rzG47q8KnovQHpMZ2DE0gT,1392685764,35.68440268159917,139.77178931236267,Mapillary,27007611-a967-4bb2-8ef2-eb5ad38a5e29
1723630005885,104.65696099368279,109897801244586,467563409415293,True,eun16cam5ZtTCofvGgBpsE,1392685764,35.68468154239261,139.7717785835266,Mapillary,26bede45-4622-457d-9039-c385d6bb49df
1722882982859,282.0419892573302,105158808392190,1869939453527366,False,rzG47q8KnovQHpMZ2DE0gT,1392685764,35.68417610648679,139.7730016708374,Mapillary,31e02432-083e-46f1-aa71-7ec9b04b5043
1722882910961,299.6483616398281,105158808392190,522237163471796,False,bRpjkKiLlw12Zx3dXon9gC,1392685764,35.680123789085556,139.78189051151276,Mapillary,96920591-b3c0-4520-a39e-7f92919b3123
1723037209666,102.46078443688498,109897801244586,342757135569849,True,u5LHIPpl8bWEAVcw7F4JKR,1392685764,35.68427632248125,139.77369904518127,Mapillary,916ada61-0756-4ecd-a8aa-2d23d39c1112
1723037214570,206.6202322307869,109897801244586,453798220966007,True,u5LHIPpl8bWEAVcw7F4JKR,1392685764,35.67910849882932,139.775630235672,Mapillary,b267be0a-f63c-4f95-a097-62f74d972f38
1723630014928,205.88314671175277,109897801244586,1203308084349540,True,eun16cam5ZtTCofvGgBpsE,1392685764,35.67867710549663,139.77536737918854,Mapillary,260a566d-c872-4724-9496-3bc6ce243fd4
1723630016229,208.09566309833394,109897801244586,804292391899525,True,eun16cam5ZtTCofvGgBpsE,1392685764,35.676611614196176,139.77416574954987,Mapillary,c7c24f9c-e9a6-4533-8c24-5becf8bceba9
1723630016195,207.4933545124251,109897801244586,891942736287569,True,eun16cam5ZtTCofvGgBpsE,1392685764,35.676663905774774,139.77419793605804,Mapillary,bf85caec-b7e8-4021-894a-070377e00613
1723037213503,205.8007268306604,109897801244586,8056407131109420,True,u5LHIPpl8bWEAVcw7F4JKR,1392685764,35.681265430510095,139.77690160274506,Mapillary,a8e4fda3-2c6a-430c-b035-f522e46526d7
1723630002949,142.92001080299457,109897801244586,436708506182165,True,eun16cam5ZtTCofvGgBpsE,1392685764,35.68773587571346,139.76924121379852,Mapillary,e8871691-3ac7-42ac-9f2f-a827252d1ad0
1723037208598,102.20209341603277,109897801244586,3702440346639002,True,u5LHIPpl8bWEAVcw7F4JKR,1392685764,35.68451161171262,139.77234721183777,Mapillary,5b00966f-baac-4d6e-aac5-84a1defd8d39
1723630008221,103.21329562227106,109897801244586,1028576312333932,True,eun16cam5ZtTCofvGgBpsE,1392685764,35.6842893941234,139.7737205028534,Mapillary,874f8636-77b8-47eb-9857-01bd18bc18e2
1723037215038,207.36144600999594,109897801244586,416977114698948,True,u5LHIPpl8bWEAVcw7F4JKR,1392685764,35.6781672740058,139.77505087852478,Mapillary,ec7013ec-2c5d-433c-9c41-b069fa37fcb7
1723630016896,206.20115702846581,109897801244586,999253285270232,True,eun16cam5ZtTCofvGgBpsE,1392685764,35.67559627925381,139.7735059261322,Mapillary,c1281f0f-555d-4c87-999c-c1a41d590bf2
1723037206596,160.68227802516185,109897801244586,813011647650844,True,u5LHIPpl8bWEAVcw7F4JKR,1392685764,35.68543097594522,139.77075934410095,Mapillary,0493a786-d9ec-4db8-b504-8843c89c3e0d
1723037213202,205.20008148241612,109897801244586,1021352886255949,True,u5LHIPpl8bWEAVcw7F4JKR,1392685764,35.681801386307995,139.7772181034088,Mapillary,4fc6eb8a-234a-4760-9efe-35f0ad2d8141
1723630010323,79.12005584461929,109897801244586,1011250817458340,True,eun16cam5ZtTCofvGgBpsE,1392685764,35.684420110427325,139.77704644203186,Mapillary,1da4421c-584d-43bc-b941-a30ca0f6ecb5
1723630011491,184.68919924177555,109897801244586,1573104516947327,True,eun16cam5ZtTCofvGgBpsE,1392685764,35.68375345503827,139.7782427072525,Mapillary,f13beb09-924b-4fa1-b48f-cf96cf7ca647
1723037209866,106.14310189122585,109897801244586,1309564286689128,True,u5LHIPpl8bWEAVcw7F4JKR,1392685764,35.68420224980183,139.7740477323532,Mapillary,c88de892-cfc9-4173-bc09-b85b329bbb71
1723630012792,203.66176633254094,109897801244586,1199236827784561,True,eun16cam5ZtTCofvGgBpsE,1392685764,35.682071541524365,139.77736294269562,Mapillary,07224ec4-7cd8-403d-8bd2-59712db13304
1723630012992,203.92213250638233,109897801244586,487427790666726,True,eun16cam5ZtTCofvGgBpsE,1392685764,35.68176652750378,139.77719128131866,Mapillary,acf05bb5-1edb-4870-b23a-9b80563d1f39
1722883026813,304.815472004889,105158808392190,3826833010928376,False,rzG47q8KnovQHpMZ2DE0gT,1392685764,35.68806265195403,139.76853847503662,Mapillary,506e7336-de5b-44d8-aacb-93bf4f80cc7e
1723630009222,80.28005454682756,109897801244586,2231483490546582,True,eun16cam5ZtTCofvGgBpsE,1392685764,35.68410203371431,139.77526545524597,Mapillary,ab5be59f-1af6-4126-8258-e7d11e8fa959
1722882913925,312.85053672766486,105158808392190,510604654807560,False,bRpjkKiLlw12Zx3dXon9gC,1392685764,35.6804070222602,139.78149354457855,Mapillary,69d1a5ff-ce54-48a6-91df-0a76beae107b
1723037210266,92.40941484362781,109897801244586,1190595418653185,True,u5LHIPpl8bWEAVcw7F4JKR,1392685764,35.684067175915246,139.77487921714783,Mapillary,25c21af2-4ca4-438b-9959-b250f010b1ef
1723037211067,77.8505120950212,109897801244586,1260936581945113,True,u5LHIPpl8bWEAVcw7F4JKR,1392685764,35.684359109512144,139.7767674922943,Mapillary,a22a21ee-bc84-4c8d-be0b-20ca6a35de61
1722883006810,339.13895512466047,105158808392190,918727990014957,False,rzG47q8KnovQHpMZ2DE0gT,1392685764,35.6859233325287,139.77045893669128,Mapillary,814bfc33-7d8c-4707-a140-c4526d9a405c
1723037216139,206.1616315279767,109897801244586,377108678740480,True,u5LHIPpl8bWEAVcw7F4JKR,1392685764,35.676263002796645,139.77387607097626,Mapillary,6de878ed-2721-4346-8e78-6523a5213c0b
1723630010890,119.37147111671646,109897801244586,1008759560997293,True,eun16cam5ZtTCofvGgBpsE,1392685764,35.68436346672192,139.7778296470642,Mapillary,c9ebc5b1-5100-4fec-9e54-919e137d11be
1722882852792,296.56212860748406,105158808392190,1415150309176101,False,bRpjkKiLlw12Zx3dXon9gC,1392685764,35.67865967541398,139.78959918022156,Mapillary,cc8fbe8b-4d29-4362-88c4-37124a70b27e
1722882873749,326.8280212255654,105158808392190,942958024255804,False,bRpjkKiLlw12Zx3dXon9gC,1392685764,35.680459311351726,139.78716909885406,Mapillary,f3800381-464d-4b22-95f5-4d8c5260f72c
1722882857913,297.22553516776037,105158808392190,1230928924945119,False,bRpjkKiLlw12Zx3dXon9gC,1392685764,35.67894727129104,139.78887498378754,Mapillary,54d24734-9be1-4c8f-812a-dac6df1e91f1
1722882890863,244.64161400929274,105158808392190,478179331597009,False,bRpjkKiLlw12Zx3dXon9gC,1392685764,35.68089940984761,139.7851037979126,Mapillary,9c057d8a-b2c9-44a1-b18b-98c73b683b2f
1722882896890,242.8032841101135,105158808392190,372195335694655,False,bRpjkKiLlw12Zx3dXon9gC,1392685764,35.6805028855685,139.78421866893768,Mapillary,3f4f51a1-611b-4ee3-8602-089b7e609a3d
1723037207430,128.59459595336835,109897801244586,991793099310759,True,u5LHIPpl8bWEAVcw7F4JKR,1392685764,35.684834043976764,139.77123141288757,Mapillary,22107cea-5b7a-410f-bdcf-7443b8f7adf1
1723037214737,205.83786100694965,109897801244586,1036324094761233,True,u5LHIPpl8bWEAVcw7F4JKR,1392685764,35.67876861336815,139.77542102336884,Mapillary,2476358c-097a-4f07-af76-48f0658f2d5f
1723037211601,123.76693389051786,109897801244586,373079148925317,True,u5LHIPpl8bWEAVcw7F4JKR,1392685764,35.68433296624852,139.77788865566254,Mapillary,8baeb08a-b57c-4e62-9056-d2a1ff99d1f8
1723037209365,102.09845934562799,109897801244586,1593901681506202,True,u5LHIPpl8bWEAVcw7F4JKR,1392685764,35.68435039509188,139.77324306964874,Mapillary,57a09b83-6c90-4f17-b2ec-70f97d55c1b6
1723630003383,144.5878930405321,109897801244586,1015312793606141,True,eun16cam5ZtTCofvGgBpsE,1392685764,35.68728274377817,139.7696489095688,Mapillary,7e5e58f0-8dc6-4e49-8e03-c1721971f69b
1723037205662,159.32543701497877,109897801244586,862728875919802,True,u5LHIPpl8bWEAVcw7F4JKR,1392685764,35.68611068866055,139.7704643011093,Mapillary,11387054-06da-4b7f-8e08-349e14401ad7
1723630005285,142.4685631329944,109897801244586,869991605187294,True,eun16cam5ZtTCofvGgBpsE,1392685764,35.68507368873428,139.7710543870926,Mapillary,a85fcb98-c43f-48de-8e9a-05443d120173
1723037211567,118.24002229169321,109897801244586,473546905442180,True,u5LHIPpl8bWEAVcw7F4JKR,1392685764,35.684359109512144,139.7778296470642,Mapillary,922fcce7-1981-4a30-9e8c-d96e763f4e07
1723630003683,144.5472124818716,109897801244586,2250816648589357,True,eun16cam5ZtTCofvGgBpsE,1392685764,35.686973392613126,139.76991713047028,Mapillary,aebc11d1-7c9b-4ada-ba0b-4f2c951142bc
1723630009589,77.11947442621215,109897801244586,511716148080803,True,eun16cam5ZtTCofvGgBpsE,1392685764,35.684210964238275,139.77590382099152,Mapillary,e7d54f38-e3cc-4260-bfa1-bb08dd876cac
1723630012659,203.1917340945797,109897801244586,1026323685603042,True,eun16cam5ZtTCofvGgBpsE,1392685764,35.68226762135045,139.77746486663818,Mapillary,1a8f6de8-dc7a-4a59-853f-511a0b745643
1723630013593,205.04569429215152,109897801244586,8435319923168073,True,eun16cam5ZtTCofvGgBpsE,1392685764,35.68083404883832,139.7766548395157,Mapillary,094d1b4a-8813-4bdd-99a4-c72e49575a67
1723037202926,146.48475023949618,109897801244586,8130626803665513,True,u5LHIPpl8bWEAVcw7F4JKR,1392685764,35.68700389207709,139.76979911327362,Mapillary,d335ef8d-8895-458b-ae2a-3bb83da71cd5
1723630003049,143.6472727525143,109897801244586,1135921777507044,True,eun16cam5ZtTCofvGgBpsE,1392685764,35.68763130703377,139.7693431377411,Mapillary,1564ea8a-c15b-43d4-868a-99e53910e8a7
1723037204727,147.04015124036204,109897801244586,1022649949238227,True,u5LHIPpl8bWEAVcw7F4JKR,1392685764,35.686511542162506,139.77020680904388,Mapillary,3cf08f0c-3b78-472b-8d92-20c998ac2be2
1723037207830,111.02628064958515,109897801244586,2129379050781313,True,u5LHIPpl8bWEAVcw7F4JKR,1392685764,35.68468154239261,139.77155327796936,Mapillary,cc4f1f93-d729-422a-9508-e4a951799710
1722882974823,273.108477843016,105158808392190,470002015964422,False,bRpjkKiLlw12Zx3dXon9gC,1392685764,35.683975674120234,139.77424085140228,Mapillary,a8f30a40-ae0f-4c81-a066-3865c7a5dcf5
1723037215371,205.8273222842576,109897801244586,1222717832241426,True,u5LHIPpl8bWEAVcw7F4JKR,1392685764,35.67766179683346,139.77469682693481,Mapillary,c17f992c-256b-4a92-8f63-ab8352ef8aca
1723630012592,202.27488628117652,109897801244586,826865976279656,True,eun16cam5ZtTCofvGgBpsE,1392685764,35.682359125104384,139.77751314640045,Mapillary,9466fd7a-8a66-4a51-8dbd-a9defb08d817
1723630010657,98.41655089632741,109897801244586,1133494601053978,True,eun16cam5ZtTCofvGgBpsE,1392685764,35.684441896457145,139.77751851081848,Mapillary,054bc853-c36e-40a2-9115-d0aca3d8fdc5
1722882932778,345.158111588486,105158808392190,1934797900289305,False,bRpjkKiLlw12Zx3dXon9gC,1392685764,35.68269028067006,139.77986812591553,Mapillary,b1d81919-ab54-4416-9598-530da878d78e
1723037204994,150.82089093121306,109897801244586,1224320685266177,True,u5LHIPpl8bWEAVcw7F4JKR,1392685764,35.68640697187793,139.77028727531433,Mapillary,9ee3b09a-0c9b-4ded-b0a7-1dc3b0e21fea
1723037212402,208.5726417965911,109897801244586,1132766557829299,True,u5LHIPpl8bWEAVcw7F4JKR,1392685764,35.68309115135797,139.77794229984283,Mapillary,7503a594-e7f9-44c5-8f56-98933a656c05
1723037209599,101.5340586955731,109897801244586,421547246939373,True,u5LHIPpl8bWEAVcw7F4JKR,1392685764,35.68429375133698,139.77359175682068,Mapillary,95694d50-2534-4d2e-868c-5d54c46846ce
1723037216039,205.33889149469476,109897801244586,1206298483838226,True,u5LHIPpl8bWEAVcw7F4JKR,1392685764,35.67645038161318,139.77398872375488,Mapillary,36230573-7e33-4832-9716-5a71ae76c8cd
1723630013393,205.0662485046314,109897801244586,1065867095097950,True,eun16cam5ZtTCofvGgBpsE,1392685764,35.68114342380915,139.7768372297287,Mapillary,08a29792-4592-4fa0-a8e0-1b72398abed1
1723037206396,160.80705791293303,109897801244586,3863347577218892,True,u5LHIPpl8bWEAVcw7F4JKR,1392685764,35.68560090466697,139.77068424224854,Mapillary,8f46c452-fcfc-4917-af82-c016c2f43877
1723037200957,139.23688388086072,109897801244586,514869227710109,True,u5LHIPpl8bWEAVcw7F4JKR,1392685764,35.68786658637032,139.7690212726593,Mapillary,2f51dbe2-87be-4168-a1ed-bca95f2b6863
1722882877894,313.8965831609838,105158808392190,748510670640938,False,bRpjkKiLlw12Zx3dXon9gC,1392685764,35.68083404883832,139.7868311405182,Mapillary,3e8229f0-9b55-42f5-ab7e-6bad4e4da780
1723037203059,142.83537964387313,109897801244586,6455315594592498,True,u5LHIPpl8bWEAVcw7F4JKR,1392685764,35.686973392613126,139.76982057094574,Mapillary,766ac69f-952d-43e3-9c4d-6605c3277875
1723037201691,144.88455947450223,109897801244586,1015261956974215,True,u5LHIPpl8bWEAVcw7F4JKR,1392685764,35.68734374245784,139.76950407028198,Mapillary,71ed6fd3-71c2-4c2c-97c0-4197a331393e
1723630010423,83.43906365656392,109897801244586,1865221087304562,True,eun16cam5ZtTCofvGgBpsE,1392685764,35.68443753925165,139.77719128131866,Mapillary,1701bcfb-d50b-44cc-b86f-3f071b522279
1723037204794,148.51715358718945,109897801244586,839542594947187,True,u5LHIPpl8bWEAVcw7F4JKR,1392685764,35.68648975669785,139.77022290229797,Mapillary,f2b90138-06e5-473a-ad0b-81543ea1ec69
1723037211267,83.24529242048357,109897801244586,852406919753676,True,u5LHIPpl8bWEAVcw7F4JKR,1392685764,35.68442446763376,139.77720737457275,Mapillary,1d14bf43-e201-4e36-b6c3-bbd6a3edf0a3
1723630016729,207.7909580706058,109897801244586,518101770899895,True,eun16cam5ZtTCofvGgBpsE,1392685764,35.67584902478178,139.7736668586731,Mapillary,be2d8716-e74b-45e0-a704-499b9a2b44bd
1723630010924,123.41987251329982,109897801244586,473194645508519,True,eun16cam5ZtTCofvGgBpsE,1392685764,35.6843460378814,139.77787256240845,Mapillary,3357a53d-2689-4023-8ae3-c213adad2ea1
1723630004217,151.98676653283366,109897801244586,466376399695641,True,eun16cam5ZtTCofvGgBpsE,1392685764,35.686402614779766,139.77037847042084,Mapillary,0a4f227d-979d-449e-8b8e-128ef9c2ca85
1723630004684,161.98284148227333,109897801244586,462548316771383,True,eun16cam5ZtTCofvGgBpsE,1392685764,35.68580569008148,139.77067351341248,Mapillary,0ad40ba1-ea7f-494d-bb1d-4a7b9145fb61
1722882965810,260.8991982874668,105158808392190,483868677695212,False,bRpjkKiLlw12Zx3dXon9gC,1392685764,35.68404103255595,139.77558195590973,Mapillary,a31bed3d-d3a7-458b-a9c7-70b299f46ea0
1723037213303,206.08670720968846,109897801244586,1178574600133352,True,u5LHIPpl8bWEAVcw7F4JKR,1392685764,35.681627092134576,139.77711617946625,Mapillary,4fbe6364-e8dd-4c09-87a7-b58d6597921b
1723630007153,103.44243694357397,109897801244586,1449480262375987,True,eun16cam5ZtTCofvGgBpsE,1392685764,35.68448982570183,139.77276027202606,Mapillary,d8e8f66e-a7fb-4199-a289-6c46ca8a7a0c
1723037201557,145.6795081982762,109897801244586,1014100423491145,True,u5LHIPpl8bWEAVcw7F4JKR,1392685764,35.68743524038989,139.76942360401154,Mapillary,6b3296f0-ec54-48b8-afbf-927172b94dc2
1723037215471,204.74396338281488,109897801244586,1050688033340780,True,u5LHIPpl8bWEAVcw7F4JKR,1392685764,35.67745263292903,139.77457880973816,Mapillary,dbe5e285-3de5-4fcb-9373-2896a4453507
1723630012125,206.3761561027584,109897801244586,1047324489599509,True,eun16cam5ZtTCofvGgBpsE,1392685764,35.682990933874805,139.77785646915436,Mapillary,f7b91ae3-c8a3-4d98-8669-1e9d1acb28bc
1723037210566,78.05607078380825,109897801244586,345370281961347,True,u5LHIPpl8bWEAVcw7F4JKR,1392685764,35.68413253427603,139.77558732032776,Mapillary,00ee36c1-64ca-4c7b-92f0-094698dcf6ef
1723630005518,124.04608751366754,109897801244586,1244997850246624,True,eun16cam5ZtTCofvGgBpsE,1392685764,35.68486018707621,139.77131724357605,Mapillary,776ecee5-cd87-42fb-996a-16267c9d7572
1723037213870,205.5155050579757,109897801244586,1075057674188384,True,u5LHIPpl8bWEAVcw7F4JKR,1392685764,35.68055517459722,139.7764778137207,Mapillary,35aaa31d-b3ab-4864-bd27-aae5153ddc2e
1723630013326,205.85371839002875,109897801244586,1037018500810765,True,eun16cam5ZtTCofvGgBpsE,1392685764,35.68124800099281,139.77689623832703,Mapillary,ac96d246-0ab3-4ef5-afb5-2a62e7b797da
1723630001948,128.5289523651585,109897801244586,477008344953214,True,eun16cam5ZtTCofvGgBpsE,1392685764,35.68855499229535,139.76816833019257,Mapillary,7b3277fe-b8ed-4214-a5e3-d6233268efb5
1723630008655,103.68787929291011,109897801244586,1469157663777402,True,eun16cam5ZtTCofvGgBpsE,1392685764,35.68417174926678,139.7743159532547,Mapillary,f548aea4-1a03-4a46-897d-e057dc4fa3d0
1723037211801,151.96514283948034,109897801244586,416103398120974,True,u5LHIPpl8bWEAVcw7F4JKR,1392685764,35.68408896204146,139.77815687656403,Mapillary,69ba0b0d-e6a5-4543-af2c-92075a7ac256
1723037213169,205.18576555832635,109897801244586,1642840499828078,True,u5LHIPpl8bWEAVcw7F4JKR,1392685764,35.68185803183238,139.77725565433502,Mapillary,22199aa1-a2e6-44db-9899-13cc1c02d4a1
1723037204627,145.71832445840664,109897801244586,1191721032029300,True,u5LHIPpl8bWEAVcw7F4JKR,1392685764,35.68654639889357,139.77017998695374,Mapillary,c26f53a1-b440-4240-a9c3-1026f1066e07
1723630011591,195.1095856922409,109897801244586,470604345885518,True,eun16cam5ZtTCofvGgBpsE,1392685764,35.68363145214185,139.77822124958038,Mapillary,07562eba-bb44-4718-887f-b886d7ca658b
1723630002882,141.1977349535104,109897801244586,2283654351833837,True,eun16cam5ZtTCofvGgBpsE,1392685764,35.687805588090455,139.76917684078217,Mapillary,70ebdd13-6f41-4bf8-959b-e3dff784bd62
1723037209699,103.26319172565195,109897801244586,454869380711989,True,u5LHIPpl8bWEAVcw7F4JKR,1392685764,35.68426325083695,139.7737580537796,Mapillary,08e4a587-4a08-4293-bf56-d0e1eab26325
1722882925805,334.4091252680667,105158808392190,793832749571942,False,bRpjkKiLlw12Zx3dXon9gC,1392685764,35.68173166868431,139.78019535541534,Mapillary,0bf36a72-a1b7-4a8a-becd-67ace27cd370
1723037211868,161.6839599665991,109897801244586,2263752673962423,True,u5LHIPpl8bWEAVcw7F4JKR,1392685764,35.68398438858142,139.77821588516235,Mapillary,361dc9b3-e31f-4a73-8432-685934da1b1b
1723037201024,140.00388635948497,109897801244586,1238266434267911,True,u5LHIPpl8bWEAVcw7F4JKR,1392685764,35.687814302133276,139.76908028125763,Mapillary,988f4d01-7d61-43a7-a094-38c6bbbe8c85
1723630014427,207.9336707856723,109897801244586,973564974568002,True,eun16cam5ZtTCofvGgBpsE,1392685764,35.679487600135815,139.77587699890137,Mapillary,05f95961-01ec-4294-bff7-ab2ee8489a79
1723630004017,147.24326072650268,109897801244586,1623303354903273,True,eun16cam5ZtTCofvGgBpsE,1392685764,35.686624826482785,139.77021753787994,Mapillary,ab7d1b6e-7a81-480a-bf90-fe261d6d8261
1722882884804,271.06381406556113,105158808392190,1558661354994504,False,bRpjkKiLlw12Zx3dXon9gC,1392685764,35.68112163687864,139.78592455387115,Mapillary,203870e7-a098-42b0-a407-ee0baa477903
1723037211167,78.78078538887348,109897801244586,3650173211914123,True,u5LHIPpl8bWEAVcw7F4JKR,1392685764,35.68439396718367,139.77699279785156,Mapillary,b00bdda8-4ccd-4daf-83ff-227d5c9959dd
1723037212735,203.06174093615718,109897801244586,481253447991666,True,u5LHIPpl8bWEAVcw7F4JKR,1392685764,35.682559561532,139.77761507034302,Mapillary,e28a36a4-fb6c-4914-8da1-5c2fbe5e999e
1723037212335,208.20758848548095,109897801244586,861494009366934,True,u5LHIPpl8bWEAVcw7F4JKR,1392685764,35.68319572598878,139.7780066728592,Mapillary,9259e200-68bf-4c18-86ca-f07153659d2e
1722883029828,299.7998112690815,105158808392190,462154563402505,False,rzG47q8KnovQHpMZ2DE0gT,1392685764,35.68825436005881,139.76810932159424,Mapillary,a33068bf-7acc-4aaa-934f-8d2c25665906
1723037211434,97.42150127011007,109897801244586,7836336953129348,True,u5LHIPpl8bWEAVcw7F4JKR,1392685764,35.68442446763376,139.7775560617447,Mapillary,6bd536a4-39a6-473e-97ec-efa7b049ecec
1723630009889,76.73451641932826,109897801244586,410972832000256,True,eun16cam5ZtTCofvGgBpsE,1392685764,35.68430246576344,139.77639734745026,Mapillary,34dc64cb-155e-415f-a6b7-5871f64e6e5d
1723630012492,202.01745019375494,109897801244586,1034070351555086,True,eun16cam5ZtTCofvGgBpsE,1392685764,35.682498559194286,139.77758288383484,Mapillary,56339a23-9475-4148-8833-29468b4fb339
1723630007086,103.61461530570199,109897801244586,489775327094509,True,eun16cam5ZtTCofvGgBpsE,1392685764,35.68450289730902,139.77270662784576,Mapillary,ca5df552-4ba7-4e1e-81e0-c225a1c61303
1723037215972,206.41254451564,109897801244586,1364888624467051,True,u5LHIPpl8bWEAVcw7F4JKR,1392685764,35.67656803785451,139.77405846118927,Mapillary,bfad9574-b276-4dc7-ac19-f5890f333e1c
1722882950767,274.7664861304522,105158808392190,925643399322475,False,bRpjkKiLlw12Zx3dXon9gC,1392685764,35.68439832439155,139.77786719799042,Mapillary,3c5b8a80-64c1-4967-9bb2-e9c6441a895a
1722882977863,281.1179086315588,105158808392190,2286196208390003,False,rzG47q8KnovQHpMZ2DE0gT,1392685764,35.68403231810095,139.77377951145172,Mapillary,1f7ce6a3-2c8b-46e2-93fe-e57403b5ec4d
1723630002982,142.92001080299457,109897801244586,509919414891357,True,eun16cam5ZtTCofvGgBpsE,1392685764,35.68770101950213,139.76927876472473,Mapillary,3db30593-4d85-4dd5-8ac5-6a136373b2d2
1723037213636,205.55305465035377,109897801244586,1021769069398457,True,u5LHIPpl8bWEAVcw7F4JKR,1392685764,35.68100834474407,139.7767460346222,Mapillary,00c87ce9-f007-4bea-9edd-f70ccb95e851
1723037215939,202.37398133970513,109897801244586,499357436114520,True,u5LHIPpl8bWEAVcw7F4JKR,1392685764,35.676620329461656,139.77408528327942,Mapillary,0aac8a43-6100-412a-8496-8f5b23b7ae5d
1723630008388,103.83282837252614,109897801244586,1223497732421982,True,eun16cam5ZtTCofvGgBpsE,1392685764,35.68425017919047,139.77393507957458,Mapillary,2d308c12-a58c-4f5e-a980-ded14ca9a4d4
1723630014661,206.83808997803783,109897801244586,1419861351940045,True,eun16cam5ZtTCofvGgBpsE,1392685764,35.67910414133257,139.775630235672,Mapillary,36fb28f3-60c8-479d-be07-b7a143c61c26
1723630009422,77.77675971347054,109897801244586,494819289917449,True,eun16cam5ZtTCofvGgBpsE,1392685764,35.68415867760534,139.77562487125397,Mapillary,a7bbfbe7-f57f-406b-80ac-93a21916434e
1723630011257,160.2343716514182,109897801244586,841601841517509,True,eun16cam5ZtTCofvGgBpsE,1392685764,35.68403667532857,139.77818369865417,Mapillary,744caf40-be1f-483e-92dd-250ea523ae40
1723630004651,161.8907707295291,109897801244586,477308408518329,True,eun16cam5ZtTCofvGgBpsE,1392685764,35.685844904249834,139.7706574201584,Mapillary,991a8b0b-9d64-4381-9540-ed81e7c904c7
1722882991886,286.3543990641326,105158808392190,501594472283461,False,rzG47q8KnovQHpMZ2DE0gT,1392685764,35.684433182045936,139.7716498374939,Mapillary,28827882-20a5-4c17-b3ca-d3a23d4c4cb7
1723037201257,143.22668605267984,109897801244586,815391080714175,True,u5LHIPpl8bWEAVcw7F4JKR,1392685764,35.687640021095646,139.76924657821655,Mapillary,90ea2702-cc64-431f-b89f-f2b31595e511
1723630007954,105.911091570976,109897801244586,526992539988169,True,eun16cam5ZtTCofvGgBpsE,1392685764,35.68435039509188,139.77342009544373,Mapillary,826ae778-f85c-475e-9a8e-59756929e106
1722882929803,343.26852951717956,105158808392190,1045566713071146,False,bRpjkKiLlw12Zx3dXon9gC,1392685764,35.68227197867442,139.77998077869415,Mapillary,9294e7b0-d218-4711-ad55-5041d97c8f55
1723630016863,205.02587145741487,109897801244586,1008788777371912,True,eun16cam5ZtTCofvGgBpsE,1392685764,35.675648571497675,139.77353811264038,Mapillary,c88e2f7b-ca8e-4b68-b32b-90c1804c57e2
1723630008187,103.56849006927945,109897801244586,801654095491305,True,eun16cam5ZtTCofvGgBpsE,1392685764,35.68429810855034,139.77367758750916,Mapillary,c34632ab-f0c8-4078-9b85-f9ea74b71bed
1723037215538,204.3357490677304,109897801244586,1156363622256329,True,u5LHIPpl8bWEAVcw7F4JKR,1392685764,35.67732626280443,139.77450370788574,Mapillary,c235f724-b4a0-42fa-b7a4-840838917e30
1722882937797,336.8676957222326,105158808392190,817526047151805,False,bRpjkKiLlw12Zx3dXon9gC,1392685764,35.68338744578929,139.77963745594025,Mapillary,4f849508-8e04-45a1-845c-e969c95de9a9
1722882863895,313.5897627212078,105158808392190,833452052077404,False,bRpjkKiLlw12Zx3dXon9gC,1392685764,35.67939173560775,139.7880756855011,Mapillary,65f3a59b-48f3-4edd-b8cc-847ebd654496
1723630002248,127.83164532811918,109897801244586,4736846463208185,True,eun16cam5ZtTCofvGgBpsE,1392685764,35.688345856946384,139.76849019527435,Mapillary,1d7a1230-9f93-4c0e-8fc9-2892e23f0e08
1723630003082,143.6472727525143,109897801244586,1211061840021957,True,eun16cam5ZtTCofvGgBpsE,1392685764,35.687596450776766,139.76936995983124,Mapillary,7fb0f846-eed7-48b0-8cce-ca4ddcb68f89
1723037215505,205.5875205464751,109897801244586,1184123286237181,True,u5LHIPpl8bWEAVcw7F4JKR,1392685764,35.67738726909647,139.77454125881195,Mapillary,fdeb14ce-74de-48e7-86ef-79f2e49bac33
1723037200256,129.636463464627,109897801244586,8191525367534443,True,u5LHIPpl8bWEAVcw7F4JKR,1392685764,35.688419925778504,139.76827025413513,Mapillary,193e8231-02c8-4d59-9756-1dafc0a57c85
1723630013059,203.87972348537906,109897801244586,2708961092614890,True,eun16cam5ZtTCofvGgBpsE,1392685764,35.68166195099971,139.77713763713837,Mapillary,4ef29574-a3d5-4182-9890-a460919ffbc9
1723630004584,161.01327449189807,109897801244586,1263595301671674,True,eun16cam5ZtTCofvGgBpsE,1392685764,35.68593640390101,139.77061986923218,Mapillary,bd517160-d1ca-4377-90c2-55966af033b6
1723037201658,144.866016239803,109897801244586,404116959448817,True,u5LHIPpl8bWEAVcw7F4JKR,1392685764,35.687365527689266,139.76948261260986,Mapillary,da9bc0ac-65e4-48f6-a239-dd87c7093f0f
1723037211734,144.1854713773555,109897801244586,500893062317232,True,u5LHIPpl8bWEAVcw7F4JKR,1392685764,35.68418482092609,139.7780817747116,Mapillary,ca2906eb-50df-4c24-ac14-0201277a7f2b
1723037207563,123.51174039921204,109897801244586,1183405176316283,True,u5LHIPpl8bWEAVcw7F4JKR,1392685764,35.684764329003045,139.77134943008423,Mapillary,1bbeb578-f208-4d41-b067-719d25aae715
1723037211768,148.35919527993326,109897801244586,520548757093998,True,u5LHIPpl8bWEAVcw7F4JKR,1392685764,35.68413689149817,139.77812469005585,Mapillary,4436afa2-f937-410d-9100-9468ff38c2c1
1722882930772,343.26852951717956,105158808392190,4097072933903285,False,bRpjkKiLlw12Zx3dXon9gC,1392685764,35.682411412916636,139.77994322776794,Mapillary,0aa6d0cc-0b4b-41fa-bd75-cb72cefe8818
1722883014817,326.51282220271855,105158808392190,806429151311743,False,rzG47q8KnovQHpMZ2DE0gT,1392685764,35.68692110779068,139.7697776556015,Mapillary,3bc49064-c68e-47f1-9c51-0d1774c60f89
1722882894819,242.74690673449115,105158808392190,505831211939163,False,bRpjkKiLlw12Zx3dXon9gC,1392685764,35.68064232290226,139.7845298051834,Mapillary,9bad4525-1f15-4c07-b23b-909ddedd9f83
1723630016162,207.46102064952092,109897801244586,956347109837458,True,eun16cam5ZtTCofvGgBpsE,1392685764,35.67671619731908,139.77423012256622,Mapillary,f753a5dc-c00a-41ee-b4fb-55b2bd0bc698
1723037207196,139.65791929269238,109897801244586,473336805554346,True,u5LHIPpl8bWEAVcw7F4JKR,1392685764,35.68498654526937,139.7710382938385,Mapillary,da9030bd-aa5d-46f8-91fe-56e7718a169e
1723037210300,89.80958785401037,109897801244586,368093906151156,True,u5LHIPpl8bWEAVcw7F4JKR,1392685764,35.684067175915246,139.77495968341827,Mapillary,4a58c05e-7f8e-42b7-9658-f2f14236be96
1723630005084,155.62685995936863,109897801244586,1038702074118490,True,eun16cam5ZtTCofvGgBpsE,1392685764,35.68530026129757,139.77090418338776,Mapillary,21690e0e-4fe0-4626-8c11-0c4fa85faaf8
1723037215204,242.33878729241718,109897801244586,513313471370664,True,u5LHIPpl8bWEAVcw7F4JKR,1392685764,35.67793632362604,139.7748738527298,Mapillary,8a702e69-2099-498a-ac15-acaec35f296b
1723037210600,77.17528573959544,109897801244586,1041404540732910,True,u5LHIPpl8bWEAVcw7F4JKR,1392685764,35.68414560594174,139.7756677865982,Mapillary,34a98fb8-3a08-4434-bc3c-6a3524f66695
1723630013993,205.63376213517557,109897801244586,1207601363615631,True,eun16cam5ZtTCofvGgBpsE,1392685764,35.68020222298844,139.77629005908966,Mapillary,ee798ba1-e47a-483d-a51e-855828157ea2
1723037212268,206.06545253964038,109897801244586,3983605048535000,True,u5LHIPpl8bWEAVcw7F4JKR,1392685764,35.68330030048254,139.77807641029358,Mapillary,ebcef7ac-0616-485d-839b-a8aa82426701
1722883004923,339.13895512466047,105158808392190,1213590563388920,False,rzG47q8KnovQHpMZ2DE0gT,1392685764,35.685657547493804,139.7705715894699,Mapillary,89baea9a-7dc2-4446-9387-25801d7f92cc
1723630014994,207.26982622904197,109897801244586,1231509901317183,True,eun16cam5ZtTCofvGgBpsE,1392685764,35.67856816741754,139.77530300617218,Mapillary,39c2214f-6b75-4aae-be1d-f74a6703e9f2
1723630016696,206.74218103112074,109897801244586,816938133927804,True,eun16cam5ZtTCofvGgBpsE,1392685764,35.675896959188165,139.77369904518127,Mapillary,138f53c1-2859-4273-bc96-343389049b23
1723630012292,204.41375805650478,109897801244586,1567389823847954,True,eun16cam5ZtTCofvGgBpsE,1392685764,35.68277742664313,139.77772772312164,Mapillary,d4413d42-4fe7-41e6-a60c-08a79f86291e
1722882945971,304.82669203106775,105158808392190,467722726044976,False,bRpjkKiLlw12Zx3dXon9gC,1392685764,35.68415432038438,139.77861285209656,Mapillary,59601675-f124-42a1-9624-0a8bf80a8be0
1723037209432,101.59572977618569,109897801244586,1968938586862157,True,u5LHIPpl8bWEAVcw7F4JKR,1392685764,35.6843373234597,139.77333426475525,Mapillary,00f648cf-b4db-410b-bb8c-b651074c4fab
1723037204327,145.52965749767407,109897801244586,676791204665417,True,u5LHIPpl8bWEAVcw7F4JKR,1392685764,35.68662918356881,139.77011561393738,Mapillary,b5de3f85-36b0-48c3-a7ed-dad4ae13757c
1723630014093,205.47693406405895,109897801244586,1454123555250892,True,eun16cam5ZtTCofvGgBpsE,1392685764,35.680032282768124,139.77619349956512,Mapillary,d8f093ed-2197-4e6d-8f68-0144a89602e4
1723630014761,206.4038948235004,109897801244586,508884598362108,True,eun16cam5ZtTCofvGgBpsE,1392685764,35.67893855627969,139.77552831172943,Mapillary,8b74de71-2ba0-4e8f-9a7a-88c6f27f864d
1723630014827,206.71561953117728,109897801244586,854326213125366,True,eun16cam5ZtTCofvGgBpsE,1392685764,35.67883397606927,139.7754693031311,Mapillary,6ae025f5-e2c6-42a1-9331-d1a60441c9a1
1722882854808,296.56212860748406,105158808392190,993728172219590,False,bRpjkKiLlw12Zx3dXon9gC,1392685764,35.678772970883216,139.78930950164795,Mapillary,3f28ca71-80aa-40ca-989a-7786dc7bc041
1723630002482,130.54626408487132,109897801244586,1043887303992566,True,eun16cam5ZtTCofvGgBpsE,1392685764,35.68817157707008,139.76875841617584,Mapillary,7fb12e10-d714-4c1b-a35a-33128282edcb
1723630005385,134.92546669106304,109897801244586,8363710166993932,True,eun16cam5ZtTCofvGgBpsE,1392685764,35.68497347374145,139.77115631103516,Mapillary,bd56e00a-5c59-4dd3-b1b3-0ab0b65ea119
1723037215605,206.91679721960998,109897801244586,3798456987110675,True,u5LHIPpl8bWEAVcw7F4JKR,1392685764,35.677199892479734,139.77443397045135,Mapillary,4d8bd38b-81ff-4e50-9bc8-05f6cc8adca9
1723630008288,102.81990003862313,109897801244586,1521868531869292,True,eun16cam5ZtTCofvGgBpsE,1392685764,35.68427632248125,139.77380633354187,Mapillary,f320bb65-74cc-4f65-8dde-49289953076b
1723630011457,181.01160006728406,109897801244586,351604308005840,True,eun16cam5ZtTCofvGgBpsE,1392685764,35.68379267021537,139.7782427072525,Mapillary,f71dedf9-04e9-4714-9ee2-e03aa4cd44c6
1723630008054,103.76130914015073,109897801244586,3246385438830913,True,eun16cam5ZtTCofvGgBpsE,1392685764,35.68432860903707,139.77352738380432,Mapillary,009a8c7d-ad52-4d21-9f57-1ce48a3fac94
1723037209732,104.0874535093817,109897801244586,850560310335561,True,u5LHIPpl8bWEAVcw7F4JKR,1392685764,35.68425017919047,139.77382242679596,Mapillary,bd83eab4-5f83-49c9-a178-7569856566b0
1723630001981,128.57224647352984,109897801244586,1534685287131170,True,eun16cam5ZtTCofvGgBpsE,1392685764,35.688533207388744,139.76820051670074,Mapillary,4e32546a-db79-47bd-9188-ffcb0bc2da21
1723630015995,207.18619077483524,109897801244586,3388782818093808,True,eun16cam5ZtTCofvGgBpsE,1392685764,35.676973296913616,139.77439105510712,Mapillary,70ea2885-95b9-4ebe-aabb-1439c9487fcb
1723037208164,104.07895824038337,109897801244586,1034103467699685,True,u5LHIPpl8bWEAVcw7F4JKR,1392685764,35.68461618448161,139.77181613445282,Mapillary,c6f8f339-5234-4eeb-8ddf-5b90d7f6e288
1723037200757,134.25320678742617,109897801244586,838735868207154,True,u5LHIPpl8bWEAVcw7F4JKR,1392685764,35.688040866912985,139.76881742477417,Mapillary,f563a22a-59b0-452d-8f2b-ba234a9b71da
1723037200356,129.09748893718302,109897801244586,1046902347003919,True,u5LHIPpl8bWEAVcw7F4JKR,1392685764,35.68835021393842,139.76837754249573,Mapillary,40cb08f3-e0c6-48c7-9535-db9767491c9e
1723037214437,206.3890279963927,109897801244586,1940033586446912,True,u5LHIPpl8bWEAVcw7F4JKR,1392685764,35.67937430568119,139.77579653263092,Mapillary,65f12fbb-ee53-4a4b-8216-0acec819c2fe
1722882871849,326.579120741516,105158808392190,1023047252815377,False,bRpjkKiLlw12Zx3dXon9gC,1392685764,35.68024579734559,139.787335395813,Mapillary,e6cf6a28-fb49-4376-96a7-d5e390dce1d7
1723037200590,131.2332616907982,109897801244586,1276000336899977,True,u5LHIPpl8bWEAVcw7F4JKR,1392685764,35.68817593407161,139.76863503456116,Mapillary,be73562f-5b5c-471a-8b6f-3f50f6769d14
1723037203359,142.93399106794618,109897801244586,422826366793551,True,u5LHIPpl8bWEAVcw7F4JKR,1392685764,35.68689496536659,139.76989567279816,Mapillary,4830caa7-f55f-413d-90aa-10ad2306d09d
1723630006286,103.40302718831686,109897801244586,1276290787115077,True,eun16cam5ZtTCofvGgBpsE,1392685764,35.684611827285636,139.77214336395264,Mapillary,7eee45fa-c028-4545-b886-2febd1d6a3fc
1722882904782,254.65725962756798,105158808392190,8123757367717113,False,bRpjkKiLlw12Zx3dXon9gC,1392685764,35.67999306574279,139.78290438652039,Mapillary,a1c3c066-ae73-424c-bb44-0a32e689ccae
1723630015128,206.38819089201945,109897801244586,6895059300619263,True,eun16cam5ZtTCofvGgBpsE,1392685764,35.6783546483511,139.77516889572144,Mapillary,b8de59f3-4a19-4638-9569-470a37c82493
1723630015161,205.98381729248695,109897801244586,815731280669795,True,eun16cam5ZtTCofvGgBpsE,1392685764,35.67830235788038,139.77513670921326,Mapillary,c9c8c7d9-72d1-453c-b177-18038be57517
1722882975925,276.4635932182291,105158808392190,1749018655884131,False,bRpjkKiLlw12Zx3dXon9gC,1392685764,35.68398874581166,139.77408528327942,Mapillary,204b7d9d-fabe-4c65-946e-c203b44ece46
1723630014694,206.16473820537382,109897801244586,1207655410428377,True,eun16cam5ZtTCofvGgBpsE,1392685764,35.67904749385313,139.77559804916382,Mapillary,32122563-6052-4d1a-99dc-b17267d1d027
1722882947766,298.47239323342563,105158808392190,349271151452144,False,bRpjkKiLlw12Zx3dXon9gC,1392685764,35.68430246576344,139.77832317352295,Mapillary,457c04e3-4f8d-4bb5-9f5c-9b0dae009844
1723037213336,206.14866611485056,109897801244586,1160140478432577,True,u5LHIPpl8bWEAVcw7F4JKR,1392685764,35.68157044644623,139.77708399295807,Mapillary,f986afcb-dfd2-4fe6-b7a2-6ab071d6f6b6
1723630009923,76.89537491050254,109897801244586,1171421257297191,True,eun16cam5ZtTCofvGgBpsE,1392685764,35.68431118018894,139.77645635604858,Mapillary,a626f77a-44d0-4cd3-ac14-ca6ac851ee1b
1722882928775,341.0085375595644,105158808392190,26276546061992815,False,bRpjkKiLlw12Zx3dXon9gC,1392685764,35.682136901519925,139.7800236940384,Mapillary,a394aecd-13d2-4032-9765-94c67e470a52
1723630002081,128.4653043173862,109897801244586,1015608010030841,True,eun16cam5ZtTCofvGgBpsE,1392685764,35.68846349564764,139.76830780506134,Mapillary,f1f0a158-3567-4a83-a7d9-3c3eb3c670de
1723037210199,96.12923662747875,109897801244586,784170660537718,True,u5LHIPpl8bWEAVcw7F4JKR,1392685764,35.684080247591695,139.77472364902496,Mapillary,8239fca8-4363-44c4-a30d-077a7b6dd39d
1723630016362,206.62893625897826,109897801244586,448688571489679,True,eun16cam5ZtTCofvGgBpsE,1392685764,35.676411162827506,139.7740262746811,Mapillary,731cbb3d-48aa-426c-9278-21bea9dd6528
1723037200290,129.4619250695872,109897801244586,481520734833696,True,u5LHIPpl8bWEAVcw7F4JKR,1392685764,35.688398140835034,139.7683024406433,Mapillary,7e394dfc-f935-4432-8afd-1fbf240879a1
1723630010256,77.7171832123791,109897801244586,485380774209961,True,eun16cam5ZtTCofvGgBpsE,1392685764,35.68440268159917,139.77694988250732,Mapillary,daaaf17e-97a5-40cd-8461-af618e75063e
1723630003249,144.75583218260363,109897801244586,3825722981017649,True,eun16cam5ZtTCofvGgBpsE,1392685764,35.68742652630566,139.7695255279541,Mapillary,f4e0d085-8ff4-4a02-b540-c138f49f2470
1723037213236,206.06294511922593,109897801244586,7484823858288490,True,u5LHIPpl8bWEAVcw7F4JKR,1392685764,35.6817447407434,139.77718591690063,Mapillary,e253ddb9-c276-42bf-b136-95a83f5f2448
1723630007020,103.41152142228708,109897801244586,985945223330183,True,eun16cam5ZtTCofvGgBpsE,1392685764,35.68451161171262,139.77265298366547,Mapillary,4ff9cd48-f2e3-4612-90d3-da2bb944f1ae
1723037200823,135.63665145463233,109897801244586,1736063080488486,True,u5LHIPpl8bWEAVcw7F4JKR,1392685764,35.68798422577838,139.76888716220856,Mapillary,a15e4940-5e6e-4fc1-b2fb-82eca4623ec6
1723037214370,204.96586166410182,109897801244586,1334211037966235,True,u5LHIPpl8bWEAVcw7F4JKR,1392685764,35.67950067256251,139.7758662700653,Mapillary,c1116a09-2f0b-41b6-86e3-df7aaeedc3e3
1722883022855,318.1142855638737,105158808392190,3786592038292946,False,rzG47q8KnovQHpMZ2DE0gT,1392685764,35.68775330381342,139.76901054382324,Mapillary,e46512c9-6174-4611-8025-79b702a93a3b
1723037213937,205.4096262361484,109897801244586,348993538147514,True,u5LHIPpl8bWEAVcw7F4JKR,1392685764,35.68041573711116,139.77639198303223,Mapillary,96b44fd4-6071-4934-bcec-00bdd1d8ff1c
1722882969891,263.6910840349011,105158808392190,1516299722427257,False,bRpjkKiLlw12Zx3dXon9gC,1392685764,35.68397131688927,139.7749811410904,Mapillary,08d92cee-bdc0-48de-aeef-38550a4251c8
1723037211935,173.1384150833794,109897801244586,732544642290916,True,u5LHIPpl8bWEAVcw7F4JKR,1392685764,35.68387545774813,139.77824807167053,Mapillary,a0e0f14d-8d0c-4e6b-94b6-76778ff2f8fb
1723630004751,161.2698737311798,109897801244586,715375174067756,True,eun16cam5ZtTCofvGgBpsE,1392685764,35.68571854741616,139.77071106433868,Mapillary,882f0d45-70ee-4095-be01-2a4f22f21759
1723630016930,208.1498863861155,109897801244586,478105111782470,True,eun16cam5ZtTCofvGgBpsE,1392685764,35.67554398697567,139.77347373962402,Mapillary,afbe0ff3-809b-478e-bade-0df5a3a8a3e2
1723037214237,205.71163751049673,109897801244586,8089255847821015,True,u5LHIPpl8bWEAVcw7F4JKR,1392685764,35.67978826540856,139.77603256702423,Mapillary,83b6fc49-fe93-4958-9d12-f89e00294f0c
1723630010623,95.74595889926724,109897801244586,1045771240400330,True,eun16cam5ZtTCofvGgBpsE,1392685764,35.6844462536624,139.77747559547424,Mapillary,1fd16c51-9ec0-4d02-a354-46a1460bc926
1723037206529,160.1794299622104,109897801244586,2819456088216858,True,u5LHIPpl8bWEAVcw7F4JKR,1392685764,35.68549197604084,139.7707325220108,Mapillary,4126a87f-484d-4dc5-a216-8236b95506d9
1722883009798,333.24697260941605,105158808392190,477088451767729,False,rzG47q8KnovQHpMZ2DE0gT,1392685764,35.68631547276645,139.77026045322418,Mapillary,3041912d-7e8e-4ad4-85a3-7595cf84e2d0
1723630015695,205.586852908596,109897801244586,1036058931515836,True,eun16cam5ZtTCofvGgBpsE,1392685764,35.67743520257892,139.7746592760086,Mapillary,2c2b0c16-7a57-47e9-8f16-badc593080c5
1723037203259,142.69344869391267,109897801244586,793359773012678,True,u5LHIPpl8bWEAVcw7F4JKR,1392685764,35.686925464860536,139.769868850708,Mapillary,bd253f94-66e2-4827-811c-bda7cae5f4da
1723037210767,75.91672990907699,109897801244586,525971879850837,True,u5LHIPpl8bWEAVcw7F4JKR,1392685764,35.684224035891134,139.77607011795044,Mapillary,ea4122d2-2997-4c8d-94f4-7d89fdcac48c
1723630015595,206.73428423614772,109897801244586,7954036198015997,True,eun16cam5ZtTCofvGgBpsE,1392685764,35.6775920755929,139.77475583553314,Mapillary,d1732c14-e45c-4de9-b12f-d200c85e958e
1723037208965,101.97814517779614,109897801244586,1218814582453211,True,u5LHIPpl8bWEAVcw7F4JKR,1392685764,35.684433182045936,139.77279782295227,Mapillary,deb54efd-4e5d-44b8-9883-4f0be562a778
1723630013359,205.62440381035188,109897801244586,530695556032215,True,eun16cam5ZtTCofvGgBpsE,1392685764,35.68120006980064,139.77686941623688,Mapillary,da0fe497-3e4d-4e71-91d9-b7f07f4efffd
1723037206129,160.98698223916313,109897801244586,532190015819939,True,u5LHIPpl8bWEAVcw7F4JKR,1392685764,35.685788261556056,139.7706037759781,Mapillary,8b1caebc-9d38-4d83-9eb1-61c32f856702
1722882957855,260.80806638351487,105158808392190,3620524538258391,False,bRpjkKiLlw12Zx3dXon9gC,1392685764,35.68426325083695,139.77683186531067,Mapillary,3db55b50-c48d-4ad3-b487-0c9710a2a5ef
1723037205862,160.261254382507,109897801244586,524464906913596,True,u5LHIPpl8bWEAVcw7F4JKR,1392685764,35.685975618005116,139.77052867412567,Mapillary,712f1b5f-c754-468a-adb9-4cab68e373d2
1723630005318,140.7431140774637,109897801244586,1542009683333127,True,eun16cam5ZtTCofvGgBpsE,1392685764,35.68503883135976,139.77108657360077,Mapillary,1a5852bb-f697-41e4-8422-4288f95167b6
1723037208031,105.82075842226845,109897801244586,1818182198705881,True,u5LHIPpl8bWEAVcw7F4JKR,1392685764,35.6846379704579,139.7717034816742,Mapillary,dc3a8309-63a2-48c1-98bd-62977989ce61
1723037214504,206.82571146145284,109897801244586,853618416707634,True,u5LHIPpl8bWEAVcw7F4JKR,1392685764,35.67924358111057,139.77571070194244,Mapillary,a79046da-0f1d-4828-a8f8-53b083304aa6
1723037200123,130.26606698280597,109897801244586,829688325895952,True,u5LHIPpl8bWEAVcw7F4JKR,1392685764,35.68849835152581,139.7681576013565,Mapillary,6a44abc9-1885-48bd-86be-2c56d36f4b19
1723630015061,206.83943269954452,109897801244586,483326270992729,True,eun16cam5ZtTCofvGgBpsE,1392685764,35.67845922918971,139.7752332687378,Mapillary,f5deb5c3-a97a-46a6-8d59-8d6b7b2807cc
1723037204928,146.65198315386613,109897801244586,1018907062693821,True,u5LHIPpl8bWEAVcw7F4JKR,1392685764,35.68643311446192,139.7702658176422,Mapillary,7b33ae79-1177-4378-a873-856ee24e6789
1723037210099,100.74017547692938,109897801244586,441613338855006,True,u5LHIPpl8bWEAVcw7F4JKR,1392685764,35.684106390938155,139.7745144367218,Mapillary,e68a7a66-5e49-4c57-9c10-29b91c82b075
1723630016996,206.1368044521521,109897801244586,1497176491171778,True,eun16cam5ZtTCofvGgBpsE,1392685764,35.67544376001345,139.77340936660767,Mapillary,8bdd9124-2d5c-4e15-bd55-b91e0915e4c7
1723037207130,143.682617771845,109897801244586,1147693022980835,True,u5LHIPpl8bWEAVcw7F4JKR,1392685764,35.68503011701374,139.77099537849426,Mapillary,38ef6193-7a87-4240-b780-bf357c825133
1723037200323,129.26426622510417,109897801244586,1004102231363486,True,u5LHIPpl8bWEAVcw7F4JKR,1392685764,35.68837635588558,139.76833999156952,Mapillary,eb945e5d-d5fa-4b7b-9bda-fa2fa24cd93f
1722882976860,279.2686834656532,105158808392190,3696989640518458,False,rzG47q8KnovQHpMZ2DE0gT,1392685764,35.68401053195929,139.77393507957458,Mapillary,8326af9e-88df-4dab-ae7a-352479eb526e
1723630009155,83.42730530931374,109897801244586,529421776316920,True,eun16cam5ZtTCofvGgBpsE,1392685764,35.68408896204146,139.77515280246735,Mapillary,00409e2a-2fbe-4fc5-97ef-e02c880ec6ef
1723037200623,131.56562861811375,109897801244586,1837951176687845,True,u5LHIPpl8bWEAVcw7F4JKR,1392685764,35.6881541490615,139.76866722106934,Mapillary,1c90116b-9e1a-4b2b-a3a3-21e26564b5bb
1723630016095,206.5712091923867,109897801244586,520099293800110,True,eun16cam5ZtTCofvGgBpsE,1392685764,35.676816422683274,139.77429449558258,Mapillary,381ae505-720e-453a-93a4-7b47351771aa
1723630003549,144.45197254973294,109897801244586,871039201748109,True,eun16cam5ZtTCofvGgBpsE,1392685764,35.68711281863882,139.76979911327362,Mapillary,7cf92212-d9f3-4fff-bbcc-0a481a5fe811
1723630016329,211.42594169985506,109897801244586,790863416452772,True,eun16cam5ZtTCofvGgBpsE,1392685764,35.67645473925484,139.77405846118927,Mapillary,d543c97e-9ad5-48c7-8105-53cc01089b35
1723037210800,76.42158069423272,109897801244586,1261785211920573,True,u5LHIPpl8bWEAVcw7F4JKR,1392685764,35.684241464758315,139.77615594863892,Mapillary,13d5a04c-0cbe-4f43-9d74-3c108c724dd8
1723630013927,205.17492731714623,109897801244586,519679953766363,True,eun16cam5ZtTCofvGgBpsE,1392685764,35.68030244397433,139.776349067688,Mapillary,beb3c724-e1af-4625-8fd6-dee70c1ce1b6
1723630008454,104.21058717188458,109897801244586,874526457883407,True,eun16cam5ZtTCofvGgBpsE,1392685764,35.684232750325194,139.7740262746811,Mapillary,ca4675f3-e4e2-42ec-b1a7-1e006585116f
1723037214871,206.3246606087004,109897801244586,1548860992706747,True,u5LHIPpl8bWEAVcw7F4JKR,1392685764,35.6784897319085,139.7752547264099,Mapillary,98f12ed1-b75e-4ac3-b043-e806b6d47334
1723037212568,206.21218120994695,109897801244586,502344228823697,True,u5LHIPpl8bWEAVcw7F4JKR,1392685764,35.682834071474545,139.7777760028839,Mapillary,dc9d0d62-92f8-4b85-ae7f-464aa754a163
1723630007420,104.08838603662008,109897801244586,419729981085612,True,eun16cam5ZtTCofvGgBpsE,1392685764,35.684450610867415,139.77298021316528,Mapillary,667c5cf6-e310-4d03-8b24-b92d2a418101
1723630005151,151.97687111914445,109897801244586,974765271066103,True,eun16cam5ZtTCofvGgBpsE,1392685764,35.68521747524328,139.770947098732,Mapillary,88547faf-6594-47b1-a416-8420dc6519ea
1723037211701,139.55954722681952,109897801244586,489726743647681,True,u5LHIPpl8bWEAVcw7F4JKR,1392685764,35.68422839310831,139.77803885936737,Mapillary,5409ecc4-926d-4f38-9b17-d065f5fe99a2
1723630016529,208.92339379516014,109897801244586,907286854592172,True,eun16cam5ZtTCofvGgBpsE,1392685764,35.67615406142198,139.7738653421402,Mapillary,3a7c28b1-06f4-4bc8-8028-df42fe085c52
1723630004117,149.17779016903285,109897801244586,518077393920274,True,eun16cam5ZtTCofvGgBpsE,1392685764,35.686515899254715,139.77030336856842,Mapillary,370f1b9e-6dc1-4652-a028-7339feed0c91
1723630007620,104.14664761913303,109897801244586,1318075239357462,True,eun16cam5ZtTCofvGgBpsE,1392685764,35.684420110427325,139.77313041687012,Mapillary,d8191c3e-2b3f-4bdd-afd8-424968ffe953
1723037210166,97.28922533711528,109897801244586,1477889126426325,True,u5LHIPpl8bWEAVcw7F4JKR,1392685764,35.68408896204146,139.77464854717255,Mapillary,3e6b54b4-5961-43ec-8995-1c0f4cda86c8
1723037212769,202.2107182214583,109897801244586,482820931119398,True,u5LHIPpl8bWEAVcw7F4JKR,1392685764,35.68250291650567,139.77758824825287,Mapillary,4945735d-1f15-44ff-8e81-51b972c9af74
1722882849763,296.56212860748406,105158808392190,473835652169076,False,bRpjkKiLlw12Zx3dXon9gC,1392685764,35.678485374377956,139.7900229692459,Mapillary,b0f90606-7021-4b34-843e-02538cb4780c
1723037209766,104.94189339396542,109897801244586,467269466269030,True,u5LHIPpl8bWEAVcw7F4JKR,1392685764,35.684241464758315,139.77387607097626,Mapillary,ffb51f19-e366-4e22-ac35-b8d06de069ba
1723037208564,102.29284400755546,109897801244586,1181984596458309,True,u5LHIPpl8bWEAVcw7F4JKR,1392685764,35.684520326115276,139.77230429649353,Mapillary,e77638e3-253f-41d9-abb2-482aba7e5162
1722882973865,270.89836506084896,105158808392190,2647192642156229,False,bRpjkKiLlw12Zx3dXon9gC,1392685764,35.68396695965808,139.77439641952515,Mapillary,d988f45d-5b09-4dd4-b7df-aff5fa274975
1722882862867,307.8726190762269,105158808392190,2984816355016238,False,bRpjkKiLlw12Zx3dXon9gC,1392685764,35.6793002284508,139.78819370269775,Mapillary,b1f4906d-047a-4f3f-9f70-ad11ac1c24a9
1722882942870,307.8480365375462,105158808392190,511072477987162,False,bRpjkKiLlw12Zx3dXon9gC,1392685764,35.68391903009929,139.77905809879303,Mapillary,4f9d20b1-5766-4c9b-a165-e2c606a3e961
1723630013293,205.90115918499927,109897801244586,1526620054652289,True,eun16cam5ZtTCofvGgBpsE,1392685764,35.68130028953324,139.7769284248352,Mapillary,beca0267-a7f8-41f4-9595-0401d463851f
1723630004517,159.79296682215954,109897801244586,3907487682910477,True,eun16cam5ZtTCofvGgBpsE,1392685764,35.68601918920926,139.77058231830597,Mapillary,37392cdf-e2ef-4741-99bd-841b7ddf92a5
1722883016823,325.58168976206446,105158808392190,853170089722243,False,rzG47q8KnovQHpMZ2DE0gT,1392685764,35.68714767510717,139.7695791721344,Mapillary,e5891a2f-acdd-4120-ae28-0262e4082fcd
1723037212235,205.93328813435298,109897801244586,1728165324255311,True,u5LHIPpl8bWEAVcw7F4JKR,1392685764,35.68335694494277,139.77810859680176,Mapillary,09c14dd0-a599-49a1-aed7-8da2b94d5870
1723037208364,103.67628957943276,109897801244586,1057974615858582,True,u5LHIPpl8bWEAVcw7F4JKR,1392685764,35.68456825531284,139.77204144001007,Mapillary,754e4c20-a427-4528-b775-94aedbf843ee
1722882898862,243.781344527077,105158808392190,2788111021359721,False,bRpjkKiLlw12Zx3dXon9gC,1392685764,35.68036780541905,139.78389143943787,Mapillary,f5527d9f-0c6c-4e6d-bdb0-7f037bf3ccbf
1723037203993,151.5653715611187,109897801244586,8020715524671360,True,u5LHIPpl8bWEAVcw7F4JKR,1392685764,35.68670761107667,139.77005124092102,Mapillary,f88eee0d-d117-4e0c-b7a0-5638fc32fce8
1723630004951,159.6724964865789,109897801244586,1018575952870018,True,eun16cam5ZtTCofvGgBpsE,1392685764,35.68546147599885,139.77081835269928,Mapillary,f500f9d9-37d7-4042-980f-20a764eb9e7c
1723037204227,146.67463827785122,109897801244586,537980695219866,True,u5LHIPpl8bWEAVcw7F4JKR,1392685764,35.68665532608,139.77009415626526,Mapillary,c8e44413-8880-4b51-8378-f67cfc86ffae
1723037200089,129.8500333005877,109897801244586,1254152465754154,True,u5LHIPpl8bWEAVcw7F4JKR,1392685764,35.688515779459195,139.76813077926636,Mapillary,37354c6e-7640-42a1-82a1-b25f375a7433
1723037203526,142.6337979865242,109897801244586,462701266674250,True,u5LHIPpl8bWEAVcw7F4JKR,1392685764,35.686842680492745,139.76994395256042,Mapillary,34df6f89-9ddb-46ed-98a4-33402ccca08f
1723630010023,77.10218836916374,109897801244586,2084720075297995,True,eun16cam5ZtTCofvGgBpsE,1392685764,35.68434168067067,139.77661192417145,Mapillary,b0d1c53d-4d96-49a0-8b54-108735201e77
1723630015795,202.32651235691864,109897801244586,388566993937256,True,eun16cam5ZtTCofvGgBpsE,1392685764,35.677282686853005,139.77457344532013,Mapillary,23dd1984-7cd2-4108-ba4a-3c7e468f461f
1722882885925,263.54645020171256,105158808392190,1016377586321007,False,bRpjkKiLlw12Zx3dXon9gC,1392685764,35.681112922104774,139.78578507900238,Mapillary,8a1e3979-6120-44e4-abf2-7f714fb2736c
1722882860774,302.3188781052695,105158808392190,802075855418627,False,bRpjkKiLlw12Zx3dXon9gC,1392685764,35.67914335879475,139.78845119476318,Mapillary,26525550-aad5-4fcb-a194-6bd7dcd5c070
1723630011291,163.52488267473302,109897801244586,1645015156291304,True,eun16cam5ZtTCofvGgBpsE,1392685764,35.684001817500956,139.77819979190826,Mapillary,b38e5395-57ea-403f-bd6b-7480ab6eeb95
1722882915912,314.3841744294386,105158808392190,1652422828878015,False,bRpjkKiLlw12Zx3dXon9gC,1392685764,35.68062053583492,139.7812521457672,Mapillary,9af27559-1e8f-4cec-b26c-7683e9e0363c
1723630008855,100.2858941147839,109897801244586,2277869399222327,True,eun16cam5ZtTCofvGgBpsE,1392685764,35.68411510538506,139.77463245391846,Mapillary,3767190e-01d8-4772-b375-f0d5a4c29168
1723037207463,127.51957040534177,109897801244586,1175880207075031,True,u5LHIPpl8bWEAVcw7F4JKR,1392685764,35.68481661523904,139.77125823497772,Mapillary,d8cf90c6-10af-4d16-906a-87004fb6f8d8
1723630016396,204.8687229863969,109897801244586,887910583201439,True,eun16cam5ZtTCofvGgBpsE,1392685764,35.67635887108331,139.7739940881729,Mapillary,57c3fc0f-50cf-4a91-b3b3-6dd3f6da9654
1723630015728,203.9667841154311,109897801244586,1216747513079598,True,eun16cam5ZtTCofvGgBpsE,1392685764,35.67738726909647,139.77462708950043,Mapillary,75601883-09f3-4500-bd3e-50809cd472f3
